date,open,close,high,low,volume,amount
2020-01-02,4121.349,4152.241,4172.656,4121.349,18211677200,0
2020-01-03,4161.219,4144.965,4164.299,4131.864,14282624400,0
2020-01-06,4120.521,4129.295,4170.638,4102.38,17530995300,0
2020-01-07,4137.402,4160.227,4161.25,4135.097,13948903100,0
2020-01-08,4139.632,4112.317,4149.813,4101.98,16758585000,0
2020-01-09,4145.535,4164.37,4165.657,4143.592,13688632400,0
2020-01-10,4177.578,4163.185,4180.977,4148.482,11303171900,0
2020-01-13,4166.925,4203.988,4203.988,4148.601,11969198200,0
2020-01-14,4215.158,4189.886,4223.508,4188.081,12932078300,0
2020-01-15,4186.881,4166.734,4193.869,4150.88,10463313600,0
2020-01-16,4174.817,4149.043,4175.294,4142.18,10026764200,0
2020-01-17,4162.194,4154.853,4177.028,4141.645,9872568200,0
2020-01-20,4170.737,4185.83,4185.963,4149.488,12240914700,0
2020-01-21,4165.02,4114.309,4165.02,4113.325,13052750700,0
2020-01-22,4093.801,4131.931,4141.177,4046.487,12675876300,0
2020-01-23,4093.323,4003.901,4103.524,3972.393,16035760300,0
2020-02-03,3639.909,3688.358,3732.157,3639.909,15755964700,0
2020-02-04,3652.004,3785.638,3786.863,3652.004,21393332800,0
2020-02-05,3801.099,3828.527,3866.011,3781.613,17492552400,0
2020-02-06,3841.754,3899.775,3914.915,3806.96,17646223500,0
2020-02-07,3879.553,3899.869,3899.884,3849.713,15173175900,0
2020-02-10,3872.374,3916.005,3920.167,3861.007,14840696900,0
2020-02-11,3926.42,3952.464,3970.522,3915.708,14344167400,0
2020-02-12,3945.666,3984.433,3984.433,3940.667,12671032100,0
2020-02-13,3985.876,3959.919,3999.55,3950.142,14500184300,0
2020-02-14,3954.234,3987.734,4001.563,3954.023,14323980300,0
2020-02-17,3999.651,4077.424,4077.446,3999.651,18277896900,0
2020-02-18,4069.832,4057.511,4076.388,4027.786,16323622000,0
2020-02-19,4049.586,4051.311,4085.17,4042.845,16904644100,0
2020-02-20,4062.897,4144.656,4148.529,4055.811,21223262400,0
2020-02-21,4134.875,4149.49,4184.438,4130.168,21721360400,0
2020-02-24,4131.836,4132.839,4149.01,4097.175,21286930300,0
2020-02-25,4066.302,4123.854,4126.708,4020.908,24416783100,0
2020-02-26,4070.099,4073.015,4132.782,4061.125,26109406100,0
2020-02-27,4084.078,4084.876,4110.528,4067.441,18129098100,0
2020-02-28,3988.727,3940.049,4031.145,3928.066,23027509300,0
2020-03-02,3968.844,4069.666,4092.539,3968.844,21931355900,0
2020-03-03,4125.136,4091.362,4147.653,4067.909,21936977700,0
2020-03-04,4078.5,4115.052,4115.262,4060.729,18242473000,0
2020-03-05,4150.21,4206.725,4215.851,4127.039,23182311500,0
2020-03-06,4158.202,4138.507,4181.31,4135.39,17247571700,0
2020-03-09,4063.076,3997.133,4063.076,3995.131,20810203500,0
2020-03-10,3975.229,4082.732,4093.002,3954.751,19741640200,0
2020-03-11,4090.935,4028.429,4091.27,4028.396,16165611100,0
2020-03-12,3976.114,3950.911,3987.434,3926.27,15706045800,0
2020-03-13,3771.014,3895.313,3937.181,3765.148,18829672200,0
2020-03-16,3899.86,3727.84,3899.86,3720.513,18596826000,0
2020-03-17,3739.783,3709.682,3786.891,3618.307,16624612900,0
2020-03-18,3729.685,3636.257,3775.851,3636.257,15503754700,0
2020-03-19,3623.789,3589.093,3647.987,3503.187,18080740700,0
2020-03-20,3629.513,3653.224,3663.952,3588.777,13960300000,0
2020-03-23,3542.684,3530.306,3585.801,3523.788,13710879000,0
2020-03-24,3598.655,3625.115,3627.759,3545.452,14310302100,0
2020-03-25,3711.475,3722.518,3732.654,3685.994,15349595800,0
2020-03-26,3692.608,3698.047,3736.254,3681.267,11231066500,0
2020-03-27,3746.391,3710.061,3758.783,3709.921,12406099500,0
2020-03-30,3657.462,3674.111,3690.639,3637.585,12687667300,0
2020-03-31,3708.14,3686.155,3716.071,3676.202,11145302500,0
2020-04-01,3682.297,3675.076,3731.78,3670.965,11935262000,0
2020-04-02,3656.323,3734.531,3734.531,3652.317,11516820900,0
2020-04-03,3721.482,3713.218,3738.832,3698.982,9982508300,0
2020-04-07,3779.908,3798.021,3803.629,3772.205,14277803000,0
2020-04-08,3776.417,3780.345,3793.002,3767.292,11138951300,0
2020-04-09,3798.488,3792.811,3801.725,3785.312,10048503200,0
2020-04-10,3794.843,3769.178,3824.744,3758.96,10244495600,0
2020-04-13,3751.709,3753.257,3769.876,3740.194,7905334300,0
2020-04-14,3777.834,3825.699,3825.76,3764.984,11063758500,0
2020-04-15,3820.851,3797.362,3829.801,3793.44,10846198400,0
2020-04-16,3777.799,3802.381,3807.357,3774.559,9594796500,0
2020-04-17,3831.923,3839.487,3863.452,3821.42,13200430100,0
2020-04-20,3845.46,3853.455,3853.798,3831.553,10001311500,0
2020-04-21,3838.231,3808.047,3838.231,3779.997,10292188800,0
2020-04-22,3789.13,3839.383,3839.383,3782.215,8589946400,0
2020-04-23,3851.913,3829.753,3857.471,3826.557,9550845000,0
2020-04-24,3826.312,3796.972,3827.212,3787.071,9484413500,0
2020-04-27,3808.017,3822.769,3842.871,3793.766,9546273500,0
2020-04-28,3835.348,3849.147,3859.675,3768.2,12209347600,0
2020-04-29,3837.514,3867.032,3880.744,3833.716,9585459000,0
2020-04-30,3880.409,3912.577,3921.7,3880.409,13291712500,0
2020-05-06,3867.259,3936.254,3937.691,3865.988,13985567500,0
2020-05-07,3937.592,3924.895,3941.483,3915.905,10551464600,0
2020-05-08,3942.997,3963.622,3979.663,3935.981,11694334100,0
2020-05-11,3974.761,3960.18,3998.097,3944.504,12267380300,0
2020-05-12,3961.343,3960.238,3970.112,3930.211,9825055400,0
2020-05-13,3946.643,3968.253,3972.525,3932.571,8819066900,0
2020-05-14,3952.199,3925.218,3952.199,3924.045,8853000400,0
2020-05-15,3941.125,3912.816,3945.196,3907.402,9261838200,0
2020-05-18,3914.66,3922.912,3946.431,3898.404,11280176200,0
2020-05-19,3963.775,3956.25,3966.852,3944.072,9401529100,0
2020-05-20,3955.715,3935.222,3955.715,3923.921,10079115000,0
2020-05-21,3950.598,3913.795,3951.743,3907.579,9486103300,0
2020-05-22,3907.576,3824.064,3907.576,3818.149,10337836000,0
2020-05-25,3828.321,3829.325,3835.633,3800.18,7903332600,0
2020-05-26,3850.001,3872.77,3874.748,3844.478,7744807600,0
2020-05-27,3873.698,3845.614,3873.698,3838.425,8371183100,0
2020-05-28,3848.489,3856.632,3885.421,3818.432,9306405400,0
2020-05-29,3838.377,3867.023,3872.303,3830.419,9381383200,0
2020-06-01,3901.726,3971.34,3976.315,3901.726,13645665200,0
2020-06-02,3969.952,3983.568,3991.776,3958.977,14430306000,0
2020-06-03,4001.171,3983.648,4018.676,3982.93,13659748300,0
2020-06-04,3998.164,3982.185,3999.805,3968.572,10427773700,0
2020-06-05,3988.224,4001.251,4001.251,3967.926,10244394200,0
2020-06-08,4023.606,4021.955,4050.221,4016.102,13792581300,0
2020-06-09,4027.561,4047.029,4052.156,4016.339,11530447900,0
2020-06-10,4046.232,4039.705,4046.232,4024.419,11226572800,0
2020-06-11,4031.74,3995.885,4043.012,3979.752,12730894100,0
2020-06-12,3931.624,4003.083,4011.059,3927.249,13416664900,0
2020-06-15,3982.967,3954.988,4007.14,3954.988,13129786000,0
2020-06-16,3995.579,4014.57,4014.57,3987.864,11105153900,0
2020-06-17,4018.609,4017.594,4018.609,3992.134,10560579900,0
2020-06-18,4009.783,4044.384,4047.557,4000.901,13814876100,0
2020-06-19,4047.048,4098.71,4109.36,4043.493,15294699000,0
2020-06-22,4097.507,4102.046,4126.942,4088.782,15582946500,0
2020-06-23,4098.037,4121.794,4124.725,4080.753,12922951000,0
2020-06-24,4128.1,4138.99,4144.678,4123.358,12171246500,0
2020-06-29,4127.935,4109.716,4137.37,4092.535,13086585400,0
2020-06-30,4130.003,4163.964,4174.424,4129.775,12593352100,0
2020-07-01,4172.643,4247.784,4247.784,4163.495,16999045600,0
2020-07-02,4239.408,4335.845,4340.104,4238.116,25293936800,0
2020-07-03,4353.194,4419.596,4419.596,4348.454,29048553900,0
2020-07-06,4465.808,4670.095,4678.112,4465.808,40582102500,0
2020-07-07,4739.61,4698.126,4796.316,4688.057,40600855300,0
2020-07-08,4692.862,4774.004,4803.364,4670.65,34807484700,0
2020-07-09,4770.077,4840.771,4854.12,4757.294,35104689300,0
2020-07-10,4796.087,4753.133,4821.375,4734.473,31694965100,0
2020-07-13,4742.374,4852.961,4878.077,4741.874,32164544600,0
2020-07-14,4836.166,4806.69,4860.44,4729.926,29724198500,0
2020-07-15,4821.516,4744.469,4837.476,4723.361,27238900600,0
2020-07-16,4741.53,4516.253,4772.564,4513.654,28465713300,0
2020-07-17,4524.772,4544.701,4601.373,4485.821,20737556300,0
2020-07-20,4597.204,4680.305,4681.943,4534.231,24606891400,0
2020-07-21,4697.503,4691.043,4714.293,4661.444,20041565900,0
2020-07-22,4682.658,4714.445,4790.449,4675.349,22419921100,0
2020-07-23,4668.74,4712.436,4731.4,4607.659,23431456900,0
2020-07-24,4679.027,4505.591,4691.698,4479.393,24390520300,0
2020-07-27,4535.005,4528.45,4558.119,4482.441,17142055100,0
2020-07-28,4567.669,4568.258,4590.25,4537.685,16276849800,0
2020-07-29,4559.163,4679.008,4680.558,4548.854,18669530500,0
2020-07-30,4689.763,4656.151,4704.631,4649.768,16696756600,0
2020-07-31,4652.182,4695.046,4741.808,4621.964,18483902600,0
2020-08-03,4735.899,4771.311,4771.369,4720.025,21477623900,0
2020-08-04,4778.487,4775.802,4807.078,4747.775,23997498500,0
2020-08-05,4761.764,4777.109,4786.703,4711.272,19670054800,0
2020-08-06,4779.238,4762.764,4791.857,4691.157,22785440600,0
2020-08-07,4742.294,4707.926,4749.022,4637.843,21351821600,0
2020-08-10,4681.755,4724.87,4757.663,4646.289,20378883200,0
2020-08-11,4730.375,4681.784,4791.534,4674.864,20554651100,0
2020-08-12,4668.89,4647.645,4681.621,4566.274,20288723900,0
2020-08-13,4666.49,4635.713,4671.769,4626.103,15255009200,0
2020-08-14,4627.61,4704.629,4708.071,4617.632,14729292100,0
2020-08-17,4727.12,4815.226,4838.086,4721.359,26800155600,0
2020-08-18,4816.57,4812.756,4825.386,4788.829,18913985400,0
2020-08-19,4804.666,4740.678,4809.05,4738.009,19244294800,0
2020-08-20,4708.125,4679.154,4721.436,4662.803,15836863900,0
2020-08-21,4717.787,4718.843,4739.484,4684.81,14265786400,0
2020-08-24,4746.404,4755.849,4769.467,4716.605,15114351200,0
2020-08-25,4769.211,4761.951,4802.412,4746.313,14170135100,0
2020-08-26,4761.719,4706.13,4786.425,4689.881,15130518000,0
2020-08-27,4718.062,4731.345,4731.935,4679.362,11904285000,0
2020-08-28,4727.292,4844.265,4850.488,4719.353,15939976500,0
2020-08-31,4870.934,4816.215,4901.212,4816.212,20256702900,0
2020-09-01,4803.392,4842.122,4842.135,4791.783,13839540200,0
2020-09-02,4859.075,4843.887,4863.551,4797.52,15798952400,0
2020-09-03,4841.502,4817.095,4877.012,4800.058,14567120100,0
2020-09-04,4737.237,4770.219,4778.203,4726.556,12003279600,0
2020-09-07,4759.521,4669.368,4789.303,4655.56,14860779100,0
2020-09-08,4683.826,4694.389,4707.897,4639.053,13919922700,0
2020-09-09,4634.247,4584.589,4645.197,4558.03,16227710700,0
2020-09-10,4632.099,4581.978,4647.751,4572.206,15065287800,0
2020-09-11,4572.257,4627.283,4630.884,4563.106,11530242400,0
2020-09-14,4652.054,4651.051,4666.986,4625.988,10723517900,0
2020-09-15,4649.447,4688.483,4691.5,4630.537,10191592500,0
2020-09-16,4683.006,4657.358,4690.682,4638.459,10875364100,0
2020-09-17,4642.054,4632.714,4664.949,4601.639,10598363100,0
2020-09-18,4636.642,4737.089,4737.804,4631.705,16042647500,0
2020-09-21,4750.748,4691.428,4752.98,4688.72,12453582700,0
2020-09-22,4654.218,4635.761,4706.21,4622.111,11967294700,0
2020-09-23,4639.659,4652.327,4665.96,4623.553,9582652800,0
2020-09-24,4623.954,4563.066,4631.948,4562.209,11259368300,0
2020-09-25,4582.482,4570.022,4599.539,4554.72,9301515500,0
2020-09-28,4582.647,4581.909,4613.632,4571.151,8504838900,0
2020-09-29,4608.293,4591.799,4616.677,4586.354,8599385800,0
2020-09-30,4607.575,4587.395,4634.724,4563.411,8908120000,0
2020-10-09,4663.61,4681.141,4695.404,4655.085,11133751200,0
2020-10-12,4705.188,4823.158,4823.267,4704.155,15578455800,0
2020-10-13,4812.899,4839.201,4845.919,4795.373,11651633800,0
2020-10-14,4830.458,4807.102,4830.458,4795.907,11190692300,0
2020-10-15,4810.782,4798.736,4833.893,4796.265,10996496200,0
2020-10-16,4798.916,4791.676,4825.552,4765.967,11671610200,0
2020-10-19,4823.494,4755.488,4849.605,4747.336,12924636100,0
2020-10-20,4751.369,4793.467,4793.467,4739.458,9804815600,0
2020-10-21,4801.631,4792.828,4801.631,4758.855,10380570300,0
2020-10-22,4780.595,4777.985,4791.808,4725.499,10135089100,0
2020-10-23,4775.467,4718.488,4802.456,4717.098,10682518400,0
2020-10-26,4684.047,4691.236,4713.395,4639.302,10834327500,0
2020-10-27,4680.137,4699.279,4708.462,4671.854,9265630400,0
2020-10-28,4703.004,4737.272,4753.313,4685.601,10846340200,0
2020-10-29,4683.607,4772.92,4803.032,4679.253,11711725000,0
2020-10-30,4776.473,4695.334,4778.509,4683.472,13980230300,0
2020-11-02,4702.746,4720.831,4738.024,4695.444,14286769300,0
2020-11-03,4743.174,4777.561,4793.396,4734.175,13605540800,0
2020-11-04,4781.448,4813.656,4825.464,4770.558,11466180600,0
2020-11-05,4861.338,4885.112,4885.112,4838.0,13924459400,0
2020-11-06,4897.63,4885.718,4897.63,4845.429,15363903400,0
2020-11-09,4918.861,4981.35,4997.802,4918.861,19713198400,0
2020-11-10,4995.413,4953.876,4995.413,4928.932,17626721400,0
2020-11-11,4937.758,4904.898,4957.585,4901.707,16447051500,0
2020-11-12,4916.774,4908.463,4926.342,4891.51,11811461900,0
2020-11-13,4886.978,4856.851,4886.978,4825.758,13369307900,0
2020-11-16,4880.958,4904.172,4904.172,4848.624,14877098000,0
2020-11-17,4903.12,4894.786,4909.29,4865.394,15148746400,0
2020-11-18,4889.675,4891.672,4911.088,4870.716,16421661600,0
2020-11-19,4880.922,4927.989,4939.791,4870.201,13368137800,0
2020-11-20,4928.222,4943.288,4947.43,4922.59,12940034100,0
2020-11-23,4954.599,5005.027,5029.652,4940.449,20591518700,0
2020-11-24,4997.049,4974.286,5001.061,4960.982,15663791100,0
2020-11-25,4992.747,4910.7,5004.773,4910.7,17034052700,0
2020-11-26,4908.321,4919.591,4925.286,4867.815,13720233800,0
2020-11-27,4930.593,4980.765,4980.765,4917.348,16295292200,0
2020-11-30,4994.106,4960.252,5055.192,4960.252,26263895000,0
2020-12-01,4963.13,5067.098,5072.549,4963.13,20406563800,0
2020-12-02,5072.976,5067.145,5090.608,5043.309,19543547600,0
2020-12-03,5065.453,5057.06,5072.305,5033.789,17786574800,0
2020-12-04,5049.523,5065.916,5072.387,5017.851,14434716700,0
2020-12-07,5065.729,5022.235,5067.87,5014.609,13989621700,0
2020-12-08,5029.106,5009.879,5043.061,4998.922,12307302900,0
2020-12-09,5022.385,4942.699,5033.642,4942.52,13891696500,0
2020-12-10,4931.293,4940.525,4962.743,4919.77,12591427000,0
2020-12-11,4957.824,4889.629,4957.824,4849.355,15935769700,0
2020-12-14,4903.627,4934.835,4937.26,4887.66,12080155200,0
2020-12-15,4931.602,4945.1,4954.189,4904.793,11834263300,0
2020-12-16,4957.297,4953.867,4968.856,4938.193,10677896800,0
2020-12-17,4960.729,5017.478,5021.617,4950.371,13338547900,0
2020-12-18,5014.321,4999.968,5027.445,4979.005,12804961800,0
2020-12-21,4995.762,5046.84,5048.507,4969.999,14081178200,0
2020-12-22,5034.983,4964.773,5055.135,4960.946,16234497000,0
2020-12-23,4977.299,5007.124,5028.451,4968.151,14029281900,0
2020-12-24,5006.005,5000.015,5033.038,4979.237,11441866700,0
2020-12-25,4985.77,5042.014,5042.098,4973.681,12100697900,0
2020-12-28,5042.943,5064.415,5089.345,5037.858,13691440700,0
2020-12-29,5071.449,5042.936,5077.417,5034.308,14119866200,0
2020-12-30,5037.985,5113.711,5113.711,5036.629,14862644800,0
2020-12-31,5122.48,5211.289,5215.618,5122.48,17160250900,0
2021-01-04,5212.931,5267.718,5284.434,5190.937,21171138200,0
2021-01-05,5245.836,5368.505,5368.505,5234.378,22493115900,0
2021-01-06,5386.514,5417.668,5433.469,5341.43,19377344400,0
2021-01-07,5428.394,5513.657,5513.657,5413.353,21987208000,0
2021-01-08,5526.288,5495.431,5547.473,5442.694,20432495600,0
2021-01-11,5504.236,5441.158,5555.692,5412.505,23183598300,0
2021-01-12,5419.5,5596.353,5596.353,5417.627,22422018600,0
2021-01-13,5609.264,5577.971,5644.72,5535.144,26156988600,0
2021-01-14,5556.213,5470.456,5568.018,5458.682,24368338000,0
2021-01-15,5471.391,5458.081,5500.635,5390.274,23863743500,0
2021-01-18,5438.162,5518.521,5541.461,5410.775,20705186900,0
2021-01-19,5525.969,5437.523,5532.479,5415.717,21104342500,0
2021-01-20,5439.911,5476.434,5496.049,5426.536,17091326000,0
2021-01-21,5492.959,5564.969,5593.106,5490.563,20995019700,0
2021-01-22,5562.379,5569.776,5573.659,5513.877,19930002000,0
2021-01-25,5564.124,5625.923,5655.48,5543.266,19704701900,0
2021-01-26,5600.902,5512.968,5600.902,5505.996,17190459000,0
2021-01-27,5505.771,5528.003,5534.993,5449.639,16019084100,0
2021-01-28,5450.37,5377.143,5462.235,5360.377,17048558500,0
2021-01-29,5413.968,5351.965,5430.202,5288.096,18217878400,0
2021-02-01,5356.854,5417.648,5422.299,5342.046,16631370600,0
2021-02-02,5429.703,5501.092,5503.215,5411.517,16521056500,0
2021-02-03,5499.296,5485.201,5532.886,5473.124,18805431700,0
2021-02-04,5453.976,5473.948,5510.054,5411.575,18057565400,0
2021-02-05,5494.701,5483.414,5550.771,5477.652,18969959800,0
2021-02-08,5506.142,5564.562,5576.491,5479.853,16403377500,0
2021-02-09,5584.165,5686.25,5686.25,5555.054,16488726000,0
2021-02-10,5709.684,5807.719,5823.422,5707.33,17016978600,0
2021-02-18,5922.071,5768.381,5930.912,5747.663,21884868600,0
2021-02-19,5734.019,5778.842,5787.887,5667.321,21447578000,0
2021-02-22,5785.51,5597.333,5785.51,5597.333,28212438200,0
2021-02-23,5542.684,5579.668,5644.755,5541.109,23380772700,0
2021-02-24,5591.48,5437.568,5598.828,5379.728,22542861000,0
2021-02-25,5494.471,5469.558,5527.63,5444.165,23073602800,0
2021-02-26,5343.904,5336.761,5416.32,5318.858,21226454300,0
2021-03-01,5389.25,5418.784,5421.555,5345.945,17746352300,0
2021-03-02,5453.285,5349.63,5454.969,5305.055,19651111500,0
2021-03-03,5327.347,5452.213,5452.396,5316.481,19470905400,0
2021-03-04,5388.479,5280.706,5392.373,5254.777,21277521100,0
2021-03-05,5191.97,5262.796,5307.82,5174.246,20262795600,0
2021-03-08,5299.791,5080.025,5326.26,5079.798,23023163500,0
2021-03-09,5066.155,4970.999,5094.311,4917.909,23071100400,0
2021-03-10,5047.059,5003.612,5055.279,4981.616,16992849000,0
2021-03-11,5024.559,5128.216,5138.415,5020.578,18960076600,0
2021-03-12,5153.674,5146.379,5153.674,5086.823,20102058900,0
2021-03-15,5116.123,5035.544,5120.876,4992.399,20415308400,0
2021-03-16,5054.409,5079.362,5084.309,5009.951,16139005400,0
2021-03-17,5062.771,5100.858,5123.545,5020.126,14916237600,0
2021-03-18,5114.587,5141.768,5160.457,5111.129,14290151800,0
2021-03-19,5068.532,5007.091,5089.918,4980.761,16417484900,0
2021-03-22,5008.395,5057.152,5071.338,4996.541,16740263200,0
2021-03-23,5057.063,5009.246,5064.02,4966.534,15801396700,0
2021-03-24,4985.401,4928.685,5024.327,4919.893,15938598200,0
2021-03-25,4904.068,4926.347,4950.761,4883.662,13294518900,0
2021-03-26,4953.945,5037.99,5050.829,4953.945,14592669700,0
2021-03-29,5052.263,5046.877,5086.654,5010.39,14338821500,0
2021-03-30,5043.095,5094.729,5106.037,5032.795,13861856000,0
2021-03-31,5085.95,5048.361,5085.95,5015.607,14133574300,0
2021-04-01,5059.936,5110.777,5115.429,5056.872,12032489000,0
2021-04-02,5129.855,5161.557,5169.831,5116.347,12700225400,0
2021-04-06,5178.64,5140.342,5181.149,5125.33,10983421000,0
2021-04-07,5141.656,5103.743,5141.656,5065.193,14576374800,0
2021-04-08,5078.263,5112.209,5129.132,5062.073,14177104700,0
2021-04-09,5100.042,5035.337,5100.042,5022.093,12841650900,0
2021-04-12,5026.979,4947.746,5045.602,4933.013,15264431400,0
2021-04-13,4949.807,4939.644,4994.54,4924.198,13291935800,0
2021-04-14,4945.686,4980.628,4987.119,4940.269,12086083800,0
2021-04-15,4969.91,4948.974,4969.91,4900.303,10882938400,0
2021-04-16,4966.9,4966.181,4979.173,4917.96,11123992400,0
2021-04-19,4966.409,5087.017,5088.211,4940.747,15476982400,0
2021-04-20,5065.776,5083.365,5119.859,5058.925,13654170000,0
2021-04-21,5055.24,5098.745,5110.562,5047.992,12463727700,0
2021-04-22,5114.28,5089.244,5119.225,5067.138,12116764500,0
2021-04-23,5088.826,5135.453,5149.983,5086.491,12205699100,0
2021-04-26,5156.594,5077.237,5181.107,5072.959,15138196700,0
2021-04-27,5076.642,5090.52,5095.984,5042.61,12396183700,0
2021-04-28,5073.973,5119.242,5119.446,5059.263,12062031800,0
2021-04-29,5128.28,5164.169,5170.585,5113.648,14009248000,0
2021-04-30,5156.356,5123.489,5163.252,5094.929,16012162100,0
2021-05-06,5098.801,5061.124,5132.899,5037.408,15882263000,0
2021-05-07,5073.455,4996.053,5093.747,4996.037,17225832100,0
2021-05-10,5001.437,4992.422,5019.393,4953.697,17082058500,0
2021-05-11,4956.079,5023.06,5033.494,4925.915,15152649700,0
2021-05-12,5003.817,5044.548,5051.168,4995.405,12661908600,0
2021-05-13,4992.352,4992.974,5022.084,4975.446,13227940600,0
2021-05-14,5007.629,5110.59,5112.984,4981.295,15942618000,0
2021-05-17,5115.306,5184.985,5206.695,5115.306,15388963400,0
2021-05-18,5190.935,5187.601,5201.672,5156.792,11840426100,0
2021-05-19,5173.167,5172.272,5193.557,5151.639,11872998300,0
2021-05-20,5167.055,5186.412,5201.594,5152.036,13845477500,0
2021-05-21,5199.129,5134.148,5216.162,5123.117,12476848500,0
2021-05-24,5138.815,5155.588,5155.588,5092.389,12674233600,0
2021-05-25,5165.036,5318.478,5324.361,5161.524,18299683900,0
2021-05-26,5326.117,5320.593,5344.284,5308.739,16960709600,0
2021-05-27,5311.373,5338.233,5378.476,5286.05,14846285500,0
2021-05-28,5338.728,5321.089,5360.277,5288.652,16460580600,0
2021-05-31,5318.083,5331.57,5331.629,5281.685,14460326900,0
2021-06-01,5320.475,5341.68,5343.753,5269.259,14383147400,0
2021-06-02,5348.344,5289.974,5352.64,5266.785,13775431900,0
2021-06-03,5285.71,5255.286,5314.369,5255.072,14196887800,0
2021-06-04,5228.276,5282.277,5334.49,5221.229,14473208700,0
2021-06-07,5284.891,5277.627,5286.842,5242.948,12770497100,0
2021-06-08,5276.971,5232.117,5319.041,5201.14,13055953200,0
2021-06-09,5224.95,5236.449,5253.356,5215.351,12182032100,0
2021-06-10,5236.469,5271.466,5299.53,5229.518,13899196700,0
2021-06-11,5275.746,5224.703,5276.104,5213.599,18080717300,0
2021-06-15,5218.565,5166.56,5225.502,5137.409,14288005800,0
2021-06-16,5163.249,5080.491,5164.519,5076.022,12514798500,0
2021-06-17,5074.384,5101.892,5123.365,5073.821,12045251800,0
2021-06-18,5104.93,5102.466,5128.031,5064.921,14858580500,0
2021-06-21,5088.089,5090.385,5123.783,5058.57,13218451600,0
2021-06-22,5106.074,5122.158,5125.819,5086.278,13041675300,0
2021-06-23,5127.191,5147.394,5171.033,5109.757,13635605800,0
2021-06-24,5156.564,5155.974,5160.435,5120.584,12668562500,0
2021-06-25,5159.802,5239.968,5251.608,5157.476,15493106100,0
2021-06-28,5253.608,5251.76,5260.637,5226.22,13319378300,0
2021-06-29,5248.525,5190.545,5248.525,5182.677,12516299700,0
2021-06-30,5189.38,5224.041,5231.426,5186.625,10375267100,0
2021-07-01,5241.204,5229.664,5252.264,5190.876,12724062000,0
2021-07-02,5186.661,5081.117,5186.661,5074.362,13042642400,0
2021-07-05,5073.779,5085.792,5098.231,5048.004,13121158900,0
2021-07-06,5089.778,5083.104,5092.207,5028.506,14065522000,0
2021-07-07,5052.42,5140.49,5152.771,5045.406,14854906000,0
2021-07-08,5149.31,5088.257,5151.217,5078.93,17390100800,0
2021-07-09,5063.148,5069.436,5081.409,5006.412,16065322600,0
2021-07-12,5108.378,5132.709,5159.412,5070.319,20621203900,0
2021-07-13,5128.614,5142.099,5154.051,5114.943,16648220900,0
2021-07-14,5130.752,5083.085,5130.752,5075.125,18835272000,0
2021-07-15,5073.263,5151.463,5153.806,5067.677,18107710300,0
2021-07-16,5140.904,5094.773,5140.904,5090.632,16995598200,0
2021-07-19,5083.728,5113.495,5120.824,5047.623,15319958900,0
2021-07-20,5080.216,5108.994,5114.003,5067.862,12930004400,0
2021-07-21,5122.784,5144.043,5160.545,5122.305,16797646900,0
2021-07-22,5150.386,5151.752,5171.21,5137.88,18555686400,0
2021-07-23,5145.431,5089.228,5145.431,5079.997,21653684700,0
2021-07-26,5067.307,4925.299,5067.307,4859.603,22811171000,0
2021-07-27,4924.282,4751.313,4940.86,4749.033,23663122500,0
2021-07-28,4714.295,4760.483,4785.657,4663.901,19263439300,0
2021-07-29,4845.76,4850.275,4857.971,4800.013,17332205400,0
2021-07-30,4825.7,4811.17,4825.7,4761.038,18234977600,0
2021-08-02,4794.819,4933.736,4938.815,4761.459,22719491800,0
2021-08-03,4909.233,4934.458,4957.029,4890.85,20353336000,0
2021-08-04,4927.736,4978.848,4979.291,4919.657,17546646100,0
2021-08-05,4946.167,4948.67,4997.14,4921.938,16738182900,0
2021-08-06,4943.043,4921.565,4944.349,4891.797,15417968800,0
2021-08-09,4890.257,4985.563,5002.894,4884.039,18243687100,0
2021-08-10,4977.816,5043.148,5043.761,4941.24,16705190200,0
2021-08-11,5037.082,5015.341,5059.789,5009.978,18226607400,0
2021-08-12,4998.073,4973.351,5016.263,4962.985,16822373300,0
2021-08-13,4958.758,4945.983,4993.743,4921.281,15831432100,0
2021-08-16,4935.923,4941.068,4973.376,4931.369,16195337300,0
2021-08-17,4935.004,4837.403,4967.565,4823.392,18757347200,0
2021-08-18,4838.471,4894.238,4909.541,4818.901,19747437800,0
2021-08-19,4886.564,4862.139,4893.467,4839.568,20171171900,0
2021-08-20,4817.494,4769.268,4835.153,4720.826,17763581000,0
2021-08-23,4777.735,4835.878,4843.819,4764.009,16757909300,0
2021-08-24,4844.593,4888.39,4906.204,4842.748,19788316300,0
2021-08-25,4890.521,4898.157,4899.765,4865.765,18944801600,0
2021-08-26,4892.204,4801.609,4892.204,4798.695,19761738700,0
2021-08-27,4794.974,4827.043,4863.469,4793.591,18331021100,0
2021-08-30,4847.035,4813.27,4849.16,4787.2,21963575700,0
2021-08-31,4803.085,4805.61,4821.756,4740.752,23511865800,0
2021-09-01,4804.686,4869.459,4906.402,4763.299,32672108000,0
2021-09-02,4865.822,4869.411,4892.705,4845.625,26785801300,0
2021-09-03,4875.066,4843.062,4886.548,4828.699,26809189600,0
2021-09-06,4841.062,4933.726,4944.45,4837.786,24050724500,0
2021-09-07,4932.976,4992.829,5005.961,4915.612,24417851900,0
2021-09-08,4986.795,4972.132,5013.976,4955.888,26461531500,0
2021-09-09,4952.492,4970.013,4970.147,4929.95,25653021700,0
2021-09-10,4967.976,5013.522,5042.799,4962.371,28830435200,0
2021-09-13,5006.775,4991.66,5029.724,4964.96,24991529800,0
2021-09-14,4989.835,4917.162,5000.977,4907.316,24559040200,0
2021-09-15,4903.847,4867.319,4903.847,4843.116,18798473000,0
2021-09-16,4866.794,4807.698,4879.531,4806.144,21675209900,0
2021-09-17,4797.113,4855.94,4857.958,4786.088,20195812700,0
2021-09-22,4770.732,4821.768,4830.85,4765.23,19122037600,0
2021-09-23,4848.222,4853.196,4877.336,4837.557,22815106400,0
2021-09-24,4845.638,4849.428,4897.06,4838.535,20769329000,0
2021-09-27,4870.848,4877.37,4922.563,4852.2,21596703000,0
2021-09-28,4869.085,4883.828,4901.311,4846.631,17689088000,0
2021-09-29,4846.021,4833.928,4868.068,4799.877,18817136600,0
2021-09-30,4843.953,4866.383,4876.073,4843.953,14611389600,0
2021-10-08,4915.731,4929.941,4937.092,4891.625,16896807700,0
2021-10-11,4941.292,4936.192,4983.729,4930.713,16351162400,0
2021-10-12,4920.66,4883.837,4925.488,4840.77,16807933700,0
2021-10-13,4880.144,4940.109,4953.375,4869.831,13114281300,0
2021-10-14,4934.258,4913.612,4953.923,4903.25,11955701300,0
2021-10-15,4896.558,4932.108,4939.815,4881.014,14282200100,0
2021-10-18,4922.514,4874.775,4922.514,4844.938,14124519900,0
2021-10-19,4869.391,4922.723,4928.143,4868.811,13526649300,0
2021-10-20,4926.773,4910.185,4944.022,4898.365,14153318300,0
2021-10-21,4914.738,4928.016,4946.176,4893.853,14889815400,0
2021-10-22,4934.87,4959.725,4989.887,4934.87,14392622800,0
2021-10-25,4940.896,4979.524,4981.65,4930.112,14186149000,0
2021-10-26,4983.238,4963.098,5002.575,4953.479,14088894300,0
2021-10-27,4949.227,4898.164,4949.227,4884.942,14711159300,0
2021-10-28,4882.586,4864.138,4898.658,4846.278,15664947200,0
2021-10-29,4861.267,4908.77,4908.77,4855.759,15988735300,0
2021-11-01,4878.128,4890.685,4908.206,4858.249,17158397400,0
2021-11-02,4886.185,4839.846,4911.227,4797.899,18543768800,0
2021-11-03,4835.809,4821.112,4858.713,4804.366,14276382000,0
2021-11-04,4841.091,4868.742,4873.939,4834.743,13259297000,0
2021-11-05,4858.9,4842.346,4889.684,4841.744,14778935900,0
2021-11-08,4841.153,4848.18,4866.082,4827.689,13739826400,0
2021-11-09,4858.253,4846.744,4870.791,4818.539,11837552600,0
2021-11-10,4832.801,4821.193,4832.801,4753.996,13511817900,0
2021-11-11,4814.766,4898.653,4898.653,4809.111,16048486300,0
2021-11-12,4902.929,4888.375,4909.084,4875.349,13266296900,0
2021-11-15,4894.412,4882.378,4906.33,4863.396,12182314900,0
2021-11-16,4880.896,4883.321,4915.372,4876.5,12725440600,0
2021-11-17,4883.248,4885.754,4891.523,4864.52,10845922300,0
2021-11-18,4871.422,4837.619,4871.422,4830.412,11448056500,0
2021-11-19,4832.06,4890.058,4892.809,4829.567,12719831200,0
2021-11-22,4895.388,4912.399,4918.996,4893.273,13809283600,0
2021-11-23,4905.759,4913.346,4927.521,4896.878,15430441100,0
2021-11-24,4914.027,4916.658,4935.489,4899.611,13715067300,0
2021-11-25,4917.606,4896.442,4921.333,4891.728,11598403100,0
2021-11-26,4886.952,4860.127,4886.952,4850.811,12036897400,0
2021-11-29,4820.005,4851.423,4858.532,4818.706,13362686200,0
2021-11-30,4857.183,4832.026,4871.253,4810.219,12963059600,0
2021-12-01,4831.889,4843.851,4844.524,4823.925,12308678900,0
2021-12-02,4839.914,4856.163,4866.851,4830.323,14808852100,0
2021-12-03,4856.98,4901.018,4901.018,4853.351,14405962600,0
2021-12-06,4909.429,4892.621,4943.903,4888.693,17361568300,0
2021-12-07,4930.826,4922.102,4934.097,4895.218,17905346000,0
2021-12-08,4934.406,4995.93,4995.93,4915.79,15749055900,0
2021-12-09,5000.687,5078.69,5114.501,4999.41,22056877600,0
2021-12-10,5046.268,5055.117,5060.055,5035.809,19369515400,0
2021-12-13,5090.021,5083.801,5143.841,5079.728,21180159600,0
2021-12-14,5066.35,5049.695,5075.214,5038.858,15910779000,0
2021-12-15,5036.284,5005.899,5060.368,5003.778,15052975200,0
2021-12-16,5006.611,5034.732,5034.732,4987.225,14405386700,0
2021-12-17,5021.339,4954.76,5022.107,4954.759,14900539900,0
2021-12-20,4934.966,4880.418,4971.673,4872.685,16967569000,0
2021-12-21,4876.514,4913.485,4917.799,4872.949,14333989800,0
2021-12-22,4924.577,4914.454,4936.673,4903.165,13325674000,0
2021-12-23,4924.291,4948.739,4948.739,4906.747,13955540600,0
2021-12-24,4953.062,4921.345,4964.906,4905.979,14267332300,0
2021-12-27,4918.146,4919.324,4939.689,4894.16,12410095200,0
2021-12-28,4923.692,4955.964,4959.145,4913.598,13045775700,0
2021-12-29,4958.646,4883.48,4958.646,4883.48,11358700200,0
2021-12-30,4882.156,4921.511,4940.178,4878.648,12161717800,0
2021-12-31,4937.463,4940.373,4950.364,4923.139,12131373700,0
2022-01-04,4957.984,4917.765,4961.453,4874.534,15153477600,0
2022-01-05,4907.935,4868.12,4916.282,4851.984,17881610000,0
2022-01-06,4842.156,4818.232,4857.56,4786.433,15766582600,0
2022-01-07,4824.318,4822.369,4856.652,4818.193,18713941300,0
2022-01-10,4812.23,4844.045,4844.393,4780.819,15621169600,0
2022-01-11,4840.009,4797.774,4850.879,4791.885,14692800400,0
2022-01-12,4818.89,4845.579,4852.731,4810.919,14320020400,0
2022-01-13,4853.031,4765.919,4853.063,4765.242,14251965300,0
2022-01-14,4743.912,4726.732,4764.052,4723.943,14686312600,0
2022-01-17,4728.76,4767.276,4775.239,4726.708,11529569100,0
2022-01-18,4766.781,4813.347,4826.3,4747.92,15087080200,0
2022-01-19,4815.811,4780.378,4828.752,4755.93,13392736000,0
2022-01-20,4778.262,4823.509,4845.005,4777.568,16497131500,0
2022-01-21,4808.773,4779.314,4818.305,4762.564,13895258500,0
2022-01-24,4753.941,4786.738,4801.098,4746.448,11446388000,0
2022-01-25,4761.95,4678.451,4781.391,4678.247,13366758600,0
2022-01-26,4697.099,4712.311,4718.995,4648.128,10707084200,0
2022-01-27,4708.099,4619.877,4708.436,4616.027,12126380400,0
2022-01-28,4641.814,4563.772,4660.519,4559.833,12648011200,0
2022-02-07,4638.575,4634.09,4672.654,4615.005,14484972000,0
2022-02-08,4626.437,4608.773,4626.437,4522.471,15583070800,0
2022-02-09,4608.149,4652.061,4659.461,4595.283,14833554700,0
2022-02-10,4657.211,4639.863,4657.211,4608.091,15157666600,0
2022-02-11,4617.874,4601.395,4662.596,4595.875,15597458400,0
2022-02-14,4579.42,4551.688,4593.632,4530.057,14367389400,0
2022-02-15,4553.811,4600.103,4601.453,4550.543,11502560000,0
2022-02-16,4619.846,4617.989,4643.1,4607.218,10725895500,0
2022-02-17,4616.896,4629.165,4650.159,4606.952,11001464300,0
2022-02-18,4604.567,4651.236,4651.342,4598.1,10455022800,0
2022-02-21,4646.052,4634.314,4646.672,4613.297,11251651200,0
2022-02-22,4601.918,4574.153,4602.066,4550.804,12331723700,0
2022-02-23,4582.006,4623.047,4625.298,4579.295,12295291600,0
2022-02-24,4592.069,4529.319,4610.879,4488.476,18440305800,0
2022-02-25,4564.632,4573.425,4611.86,4561.896,14972258300,0
2022-02-28,4563.743,4581.646,4581.646,4530.676,13540697800,0
2022-03-01,4597.855,4619.686,4623.431,4583.917,12313922000,0
2022-03-02,4594.017,4578.601,4594.017,4558.442,11329832500,0
2022-03-03,4595.025,4551.628,4599.397,4544.431,13828587700,0
2022-03-04,4513.364,4496.43,4539.393,4481.493,12726680600,0
2022-03-07,4462.517,4352.778,4462.517,4338.304,16219770600,0
2022-03-08,4361.642,4265.391,4383.647,4252.539,16786327700,0
2022-03-09,4280.979,4226.346,4304.482,4068.193,19423290000,0
2022-03-10,4326.204,4292.837,4335.673,4288.508,14526638300,0
2022-03-11,4231.196,4306.522,4316.044,4176.452,15239992100,0
2022-03-14,4248.153,4174.758,4280.361,4174.758,13018723600,0
2022-03-15,4125.487,3983.812,4163.418,3983.812,20252469900,0
2022-03-16,4053.099,4156.081,4168.585,3942.861,19602198200,0
2022-03-17,4237.672,4237.696,4302.743,4217.804,17940734400,0
2022-03-18,4218.474,4265.902,4283.368,4194.94,14945830500,0
2022-03-21,4280.14,4258.746,4287.817,4223.024,12703636000,0
2022-03-22,4252.566,4255.295,4283.334,4236.689,12638247000,0
2022-03-23,4269.609,4276.517,4287.577,4241.957,11708907800,0
2022-03-24,4249.533,4251.306,4273.957,4216.851,10891827200,0
2022-03-25,4249.073,4174.574,4254.845,4173.93,10880804600,0
2022-03-28,4128.838,4148.466,4174.121,4091.298,11844902100,0
2022-03-29,4155.418,4134.144,4177.213,4124.718,10026697200,0
2022-03-30,4162.167,4254.099,4254.099,4160.735,13834602400,0
2022-03-31,4234.716,4222.597,4247.36,4214.535,13402918500,0
2022-04-01,4198.819,4276.158,4290.671,4190.084,13380305300,0
2022-04-06,4258.833,4263.841,4277.524,4236.728,15906219500,0
2022-04-07,4240.024,4209.1,4278.113,4205.743,13488035300,0
2022-04-08,4213.211,4230.767,4237.813,4175.529,14284379300,0
2022-04-11,4203.79,4100.07,4203.79,4089.093,14819707100,0
2022-04-12,4102.971,4179.973,4179.973,4075.796,14428568400,0
2022-04-13,4154.412,4139.737,4194.037,4139.737,12509748900,0
2022-04-14,4172.644,4191.568,4217.061,4155.551,12479131600,0
2022-04-15,4162.372,4188.747,4211.317,4152.974,12476226300,0
2022-04-18,4152.931,4166.384,4171.743,4119.994,11750461000,0
2022-04-19,4161.933,4134.902,4186.939,4115.418,11021747100,0
2022-04-20,4130.543,4070.789,4136.166,4060.504,11733165800,0
2022-04-21,4048.734,3995.83,4086.439,3978.367,13278382800,0
2022-04-22,3967.202,4013.25,4037.084,3953.722,12210181100,0
2022-04-25,3933.446,3814.913,3958.21,3814.913,16836450200,0
2022-04-26,3822.489,3784.12,3871.85,3773.899,15757761100,0
2022-04-27,3758.084,3895.536,3895.731,3757.086,17273404600,0
2022-04-28,3883.42,3921.107,3943.435,3873.578,15305658600,0
2022-04-29,3939.624,4016.241,4017.428,3898.57,17945837700,0
2022-05-05,3995.353,4010.21,4039.7,3988.931,15417071600,0
2022-05-06,3928.855,3908.815,3947.238,3902.051,12300555100,0
2022-05-09,3883.951,3877.436,3914.112,3854.935,9293669400,0
2022-05-10,3820.628,3919.868,3932.682,3808.57,13641691800,0
2022-05-11,3917.932,3976.423,4033.303,3916.525,16563225600,0
2022-05-12,3949.949,3958.74,3985.927,3935.589,11337606600,0
2022-05-13,3983.82,3988.6,4003.854,3957.139,10996835700,0
2022-05-16,4014.996,3956.538,4018.028,3947.746,11242529400,0
2022-05-17,3961.761,4005.893,4005.893,3955.102,10966145400,0
2022-05-18,4015.013,3991.907,4017.341,3964.75,10807423300,0
2022-05-19,3938.296,3999.598,3999.598,3933.745,11629342000,0
2022-05-20,4020.816,4077.6,4077.602,4020.816,14706917300,0
2022-05-23,4080.969,4053.982,4080.969,4029.085,13047781000,0
2022-05-24,4052.868,3959.154,4055.783,3959.154,14555433600,0
2022-05-25,3959.767,3983.178,3983.624,3946.808,10773401500,0
2022-05-26,3987.682,3993.045,4015.747,3938.239,12626368900,0
2022-05-27,4022.71,4001.299,4051.143,3983.384,11276933700,0
2022-05-30,4020.858,4029.018,4040.819,4003.377,11115224100,0
2022-05-31,4031.762,4091.518,4096.197,4020.378,13541551300,0
2022-06-01,4086.618,4083.177,4094.901,4058.847,11485087900,0
2022-06-02,4064.0,4089.568,4091.152,4057.914,11389363800,0
2022-06-06,4090.529,4166.085,4166.615,4063.906,16787101100,0
2022-06-07,4165.69,4179.129,4198.086,4155.168,14299288100,0
2022-06-08,4187.148,4219.812,4224.81,4158.033,15737405700,0
2022-06-09,4211.723,4175.675,4227.448,4160.881,16844915400,0
2022-06-10,4145.651,4238.994,4241.354,4140.22,18479621400,0
2022-06-13,4194.457,4189.353,4218.233,4156.715,16847562200,0
2022-06-14,4143.223,4222.311,4224.086,4102.929,17138590400,0
2022-06-15,4228.293,4278.218,4348.423,4228.293,25704659000,0
2022-06-16,4282.083,4250.061,4302.921,4241.075,18407441600,0
2022-06-17,4219.234,4309.044,4318.766,4218.682,15864909800,0
2022-06-20,4322.832,4330.433,4368.356,4297.891,16566638200,0
2022-06-21,4327.916,4325.566,4357.34,4287.141,16466761500,0
2022-06-22,4331.902,4270.623,4333.183,4269.246,15856585400,0
2022-06-23,4277.956,4343.878,4343.878,4260.9,17088236000,0
2022-06-24,4354.553,4394.772,4400.685,4346.122,16897219900,0
2022-06-27,4414.332,4444.264,4472.695,4414.332,17738567600,0
2022-06-28,4442.581,4490.517,4497.895,4407.352,17475648900,0
2022-06-29,4472.735,4421.357,4503.131,4413.996,18727668800,0
2022-06-30,4418.066,4485.011,4514.997,4418.066,15666628900,0
2022-07-01,4489.52,4466.718,4500.985,4449.291,14477959900,0
2022-07-04,4447.216,4496.03,4496.034,4427.823,14634565100,0
2022-07-05,4505.457,4489.538,4530.325,4439.451,15496241500,0
2022-07-06,4475.482,4423.97,4484.362,4393.417,14980023500,0
2022-07-07,4425.281,4443.474,4457.343,4391.194,13266090600,0
2022-07-08,4468.063,4428.781,4479.494,4426.886,12319573900,0
2022-07-11,4406.148,4354.617,4406.148,4330.582,13444857800,0
2022-07-12,4352.646,4313.618,4370.341,4296.622,13018783800,0
2022-07-13,4313.359,4321.462,4341.466,4284.942,13111317900,0
2022-07-14,4308.823,4322.074,4352.098,4292.76,14525092600,0
2022-07-15,4299.471,4248.527,4344.857,4248.527,15021445300,0
2022-07-18,4262.154,4292.586,4300.778,4217.506,12260119200,0
2022-07-19,4288.444,4269.34,4288.444,4238.824,10380573000,0
2022-07-20,4291.281,4283.803,4303.367,4269.972,9449014400,0
2022-07-21,4270.362,4236.058,4283.147,4236.05,11715634400,0
2022-07-22,4251.787,4238.234,4275.47,4207.314,10384062400,0
2022-07-25,4233.928,4212.644,4234.845,4201.919,8363666400,0
2022-07-26,4220.091,4245.976,4259.985,4214.534,8582327400,0
2022-07-27,4236.154,4225.036,4242.095,4217.281,7890494000,0
2022-07-28,4242.274,4225.673,4267.918,4223.029,10753193000,0
2022-07-29,4226.425,4170.102,4243.514,4160.874,11417928600,0
2022-08-01,4160.648,4188.678,4196.574,4129.453,10774902900,0
2022-08-02,4144.377,4107.024,4144.377,4071.431,14222442500,0
2022-08-03,4114.825,4066.975,4150.98,4058.179,11666612400,0
2022-08-04,4089.442,4101.537,4108.159,4064.659,8953264400,0
2022-08-05,4109.629,4156.911,4159.485,4097.863,10257100400,0
2022-08-08,4142.111,4148.075,4155.73,4135.081,9020813800,0
2022-08-09,4143.666,4156.291,4161.809,4131.425,8413695900,0
2022-08-10,4149.207,4109.737,4160.787,4092.546,8556583900,0
2022-08-11,4130.741,4193.543,4193.812,4116.056,12138505100,0
2022-08-12,4185.42,4191.152,4202.466,4175.05,10680829500,0
2022-08-15,4180.001,4185.679,4219.918,4174.3,10589849500,0
2022-08-16,4190.527,4177.837,4208.801,4170.52,9390613900,0
2022-08-17,4182.567,4216.959,4222.787,4155.173,11286465900,0
2022-08-18,4205.785,4180.1,4211.914,4173.541,10105265000,0
2022-08-19,4174.546,4151.074,4185.658,4151.074,11740297800,0
2022-08-22,4135.162,4181.397,4183.65,4134.201,11244272000,0
2022-08-23,4175.531,4161.082,4187.388,4147.413,10315351200,0
2022-08-24,4168.576,4082.42,4174.157,4079.093,11906967900,0
2022-08-25,4093.295,4116.24,4119.62,4058.745,11132074500,0
2022-08-26,4127.814,4107.546,4139.788,4102.682,9900049300,0
2022-08-29,4063.883,4089.521,4092.947,4059.596,9435443200,0
2022-08-30,4088.526,4075.794,4093.136,4048.524,9330166200,0
2022-08-31,4057.144,4078.84,4112.849,4046.623,13244976500,0
2022-09-01,4066.187,4043.74,4090.885,4041.128,9738707100,0
2022-09-02,4054.842,4023.613,4056.181,4004.911,8678927800,0
2022-09-05,4010.405,4015.426,4016.999,3982.74,9376710900,0
2022-09-06,4024.473,4052.28,4054.004,4009.583,11350626500,0
2022-09-07,4032.723,4054.983,4067.544,4028.374,10767805900,0
2022-09-08,4059.169,4037.684,4067.758,4036.023,10088604900,0
2022-09-09,4050.585,4093.787,4099.008,4042.25,11842711400,0
2022-09-13,4112.012,4111.115,4128.111,4097.141,11178973700,0
2022-09-14,4058.044,4065.359,4089.058,4047.919,9079368100,0
2022-09-15,4078.65,4027.119,4088.808,3998.856,12395119600,0
2022-09-16,4013.583,3932.683,4019.41,3932.683,13719365500,0
2022-09-19,3928.424,3928.0,3953.649,3910.311,9771957500,0
2022-09-20,3945.647,3932.836,3957.554,3921.688,8482413400,0
2022-09-21,3921.318,3903.735,3924.391,3884.227,8645839100,0
2022-09-22,3875.177,3869.344,3900.274,3860.231,8094691900,0
2022-09-23,3865.105,3856.021,3888.396,3829.691,9434246200,0
2022-09-26,3829.596,3836.677,3893.319,3827.95,10452603100,0
2022-09-27,3844.069,3892.295,3893.028,3827.927,8886016000,0
2022-09-28,3879.44,3828.71,3879.44,3828.055,8659221300,0
2022-09-29,3864.316,3827.143,3873.182,3808.65,8565414200,0
2022-09-30,3833.35,3804.885,3848.602,3801.28,7855996600,0
2022-10-10,3806.56,3720.937,3807.457,3715.714,10264759500,0
2022-10-11,3732.019,3727.687,3739.808,3706.063,8394462500,0
2022-10-12,3722.866,3784.306,3784.306,3661.526,10808931900,0
2022-10-13,3756.418,3752.673,3783.596,3749.639,9901891500,0
2022-10-14,3783.316,3842.47,3863.227,3780.842,11624229300,0
2022-10-17,3822.243,3846.412,3849.621,3809.12,10419201900,0
2022-10-18,3865.826,3838.267,3870.216,3831.172,8834690700,0
2022-10-19,3827.466,3776.534,3840.487,3776.534,8157484400,0
2022-10-20,3746.579,3754.927,3804.247,3726.793,9029089500,0
2022-10-21,3753.89,3742.893,3768.69,3724.69,9875003800,0
2022-10-24,3727.915,3633.373,3762.158,3619.988,13005686400,0
2022-10-25,3621.936,3627.454,3670.733,3594.701,11095388200,0
2022-10-26,3633.311,3656.903,3700.88,3633.311,12130154800,0
2022-10-27,3667.665,3631.145,3685.084,3631.064,11799867500,0
2022-10-28,3605.16,3541.33,3618.864,3533.499,11877216200,0
2022-10-31,3504.507,3508.703,3553.387,3495.951,13846565500,0
2022-11-01,3519.817,3634.173,3634.173,3517.621,14928669800,0
2022-11-02,3620.369,3677.805,3703.465,3610.803,14159291900,0
2022-11-03,3645.06,3647.897,3670.157,3628.499,11056603500,0
2022-11-04,3646.771,3767.175,3782.882,3646.771,14973494900,0
2022-11-07,3754.523,3775.297,3792.794,3746.372,12982637100,0
2022-11-08,3773.661,3749.325,3779.116,3723.342,9901645100,0
2022-11-09,3750.782,3714.27,3760.407,3711.268,8943452500,0
2022-11-10,3685.827,3685.689,3701.531,3665.059,10350930200,0
2022-11-11,3787.757,3788.439,3828.9,3747.09,18968558600,0
2022-11-14,3818.145,3794.017,3848.412,3781.778,16966504800,0
2022-11-15,3788.926,3865.973,3871.642,3775.499,15151565000,0
2022-11-16,3860.811,3834.39,3877.678,3829.313,12061096400,0
2022-11-17,3821.271,3818.664,3821.742,3776.574,10594063200,0
2022-11-18,3823.821,3801.569,3840.302,3801.569,11507877700,0
2022-11-21,3769.627,3769.127,3769.873,3733.995,9586696600,0
2022-11-22,3766.082,3769.573,3809.858,3751.045,14448633400,0
2022-11-23,3760.216,3773.529,3791.178,3753.214,14452791100,0
2022-11-24,3791.54,3756.808,3804.899,3751.382,10107344700,0
2022-11-25,3751.282,3775.776,3790.566,3743.414,14292971100,0
2022-11-28,3701.902,3733.242,3736.081,3672.131,12782574800,0
2022-11-29,3766.57,3848.422,3854.774,3766.57,17870139200,0
2022-11-30,3836.56,3853.037,3867.659,3833.827,15751140000,0
2022-12-01,3921.295,3894.769,3944.565,3893.872,16996458500,0
2022-12-02,3886.403,3870.948,3898.115,3865.884,11678635000,0
2022-12-05,3907.638,3946.876,3947.476,3900.674,20174722100,0
2022-12-06,3929.006,3968.198,3988.901,3922.997,15510832300,0
2022-12-07,3956.672,3958.441,3999.586,3944.183,14300135600,0
2022-12-08,3953.199,3959.18,3971.493,3941.297,11519998600,0
2022-12-09,3961.992,3998.244,4003.318,3944.44,15377495400,0
2022-12-12,3976.172,3953.443,3983.433,3950.32,12593536800,0
2022-12-13,3953.548,3945.681,3964.396,3939.98,10099410000,0
2022-12-14,3952.789,3954.886,3972.738,3935.767,9852800600,0
2022-12-15,3954.672,3951.989,3963.5,3926.5,8886472500,0
2022-12-16,3931.232,3954.227,3960.471,3929.487,9317856700,0
2022-12-19,3952.771,3893.221,3966.568,3878.437,10691907500,0
2022-12-20,3881.226,3829.017,3881.273,3811.476,8309682200,0
2022-12-21,3839.001,3830.538,3853.727,3821.404,6483921500,0
2022-12-22,3859.204,3836.028,3882.126,3821.342,8370517300,0
2022-12-23,3811.616,3828.219,3848.344,3805.949,6527814800,0
2022-12-26,3830.568,3843.489,3856.807,3827.519,7300571200,0
2022-12-27,3860.905,3887.854,3891.85,3856.58,7751535000,0
2022-12-28,3874.913,3871.264,3884.721,3854.941,8442465600,0
2022-12-29,3854.236,3856.701,3868.293,3838.48,7939481500,0
2022-12-30,3873.936,3871.634,3887.553,3868.757,7877327200,0
2023-01-03,3864.836,3887.899,3893.99,3831.245,11505187500,0
2023-01-04,3886.25,3892.948,3905.903,3873.655,11066074300,0
2023-01-05,3913.493,3968.578,3974.875,3912.26,11650239500,0
2023-01-06,3969.549,3980.889,4000.414,3966.47,11095303800,0
2023-01-09,3998.528,4013.12,4023.09,3990.707,11705442500,0
2023-01-10,4014.713,4017.474,4030.457,4002.23,10175114100,0
2023-01-11,4019.884,4010.031,4043.399,4008.015,9999788900,0
2023-01-12,4021.755,4017.869,4030.288,4003.508,9055262700,0
2023-01-13,4032.291,4074.377,4074.377,4027.886,9587189600,0
2023-01-16,4077.879,4137.964,4177.104,4076.639,15139545500,0
2023-01-17,4138.843,4137.242,4148.584,4118.157,9547904000,0
2023-01-18,4140.102,4130.314,4151.458,4125.769,8420064500,0
2023-01-19,4125.577,4156.008,4156.008,4105.98,9460839800,0
2023-01-20,4166.844,4181.527,4189.831,4161.67,12355380900,0
2023-01-30,4267.625,4201.345,4268.152,4197.86,16460706400,0
2023-01-31,4200.581,4156.858,4212.735,4153.048,12455083500,0
2023-02-01,4170.132,4195.933,4195.933,4137.766,14100895400,0
2023-02-02,4207.412,4181.149,4207.412,4170.557,13382373600,0
2023-02-03,4162.026,4141.632,4162.026,4103.165,11704122100,0
2023-02-06,4103.831,4086.878,4105.945,4065.222,11019271700,0
2023-02-07,4098.312,4094.234,4107.344,4077.962,9136007200,0
2023-02-08,4099.857,4076.141,4111.475,4072.647,8478609900,0
2023-02-09,4067.563,4130.857,4130.857,4064.749,10228996100,0
2023-02-10,4124.099,4106.31,4125.289,4092.347,9671673300,0
2023-02-13,4098.88,4143.574,4146.45,4092.273,12889257700,0
2023-02-14,4151.247,4145.29,4152.049,4125.258,10249989000,0
2023-02-15,4146.855,4123.689,4153.716,4115.967,12166450800,0
2023-02-16,4125.409,4093.488,4167.9,4068.859,15931058500,0
2023-02-17,4086.224,4034.507,4104.64,4032.929,11614258900,0
2023-02-20,4039.962,4133.49,4134.862,4035.476,16179448100,0
2023-02-21,4130.063,4144.354,4151.799,4116.272,14577617300,0
2023-02-22,4118.967,4106.951,4134.876,4101.86,10429029500,0
2023-02-23,4106.214,4103.646,4132.39,4088.207,10356490600,0
2023-02-24,4100.99,4061.046,4102.609,4048.237,10098942500,0
2023-02-27,4040.457,4043.844,4067.03,4034.524,9378763000,0
2023-02-28,4058.13,4069.459,4074.264,4026.448,11032359100,0
2023-03-01,4068.733,4126.942,4135.481,4061.217,15601579400,0
2023-03-02,4119.992,4117.738,4137.253,4113.826,14821763700,0
2023-03-03,4126.018,4130.551,4135.212,4100.383,16033174100,0
2023-03-06,4131.153,4109.01,4132.837,4088.448,16297180700,0
2023-03-07,4103.642,4048.852,4124.961,4046.568,19591206800,0
2023-03-08,4030.739,4034.108,4037.287,4011.523,11793649300,0
2023-03-09,4035.843,4019.851,4043.849,4000.89,11653962900,0
2023-03-10,3991.796,3967.135,4004.361,3966.428,12385540900,0
2023-03-13,3962.643,4008.686,4008.686,3962.643,14356137000,0
2023-03-14,3999.88,3984.696,4001.942,3946.941,15054417400,0
2023-03-15,4011.844,3986.902,4018.75,3986.902,14202600700,0
2023-03-16,3958.196,3939.151,3981.321,3936.476,15251564400,0
2023-03-17,3971.159,3958.819,4004.215,3945.25,17743381800,0
2023-03-20,3962.663,3939.077,3979.549,3935.016,20526497000,0
2023-03-21,3948.157,3982.378,3982.705,3948.157,14509067900,0
2023-03-22,3993.785,3999.443,4016.45,3986.709,14922897000,0
2023-03-23,3985.993,4039.09,4039.09,3983.999,15888742100,0
2023-03-24,4035.156,4027.046,4037.842,4017.003,15944233000,0
2023-03-27,4023.303,4012.477,4023.303,3987.03,16848227900,0
2023-03-28,4015.697,3999.515,4023.783,3994.6,13189511700,0
2023-03-29,4013.593,4006.144,4017.757,3992.666,13374351000,0
2023-03-30,4009.557,4038.526,4040.502,3983.896,14990103700,0
2023-03-31,4045.454,4050.926,4063.568,4039.959,13884254600,0
2023-04-03,4059.623,4090.568,4094.938,4059.061,18212431300,0
2023-04-04,4089.293,4103.105,4103.158,4080.068,19714663100,0
2023-04-06,4084.132,4096.64,4098.833,4078.405,15070337400,0
2023-04-07,4096.901,4123.28,4131.313,4092.185,12867673800,0
2023-04-10,4132.01,4104.812,4132.295,4099.052,15245300200,0
2023-04-11,4108.506,4100.148,4116.125,4083.495,15390133300,0
2023-04-12,4102.397,4097.288,4108.245,4090.278,16596527800,0
2023-04-13,4081.387,4068.979,4088.881,4059.574,15644429500,0
2023-04-14,4078.97,4091.999,4098.215,4075.205,15069568200,0
2023-04-17,4090.072,4149.384,4149.384,4089.509,18877309500,0
2023-04-18,4139.309,4162.032,4169.668,4138.462,17018413000,0
2023-04-19,4159.394,4124.559,4159.394,4118.626,16255459200,0
2023-04-20,4122.946,4113.019,4125.823,4094.002,16270667700,0
2023-04-21,4114.264,4032.567,4114.264,4031.912,18080243500,0
2023-04-24,4031.303,3982.643,4033.637,3967.907,17009921700,0
2023-04-25,3985.106,3962.666,3991.687,3925.436,17255540900,0
2023-04-26,3950.255,3959.232,3975.656,3934.663,16270200600,0
2023-04-27,3948.031,3988.419,3999.13,3942.815,15382819500,0
2023-04-28,3993.256,4029.086,4030.447,3993.256,17950848800,0
2023-05-04,4013.471,4030.247,4035.783,4001.126,22758284600,0
2023-05-05,4031.095,4016.877,4047.602,3998.392,20662692400,0
2023-05-08,4028.106,4062.662,4070.772,4018.961,25558308500,0
2023-05-09,4065.439,4027.875,4092.85,4026.389,27930604800,0
2023-05-10,4017.936,3996.87,4019.059,3984.629,20755270900,0
2023-05-11,4005.782,3990.664,4018.058,3988.482,14480461900,0
2023-05-12,3987.769,3937.762,3999.383,3937.527,14442172800,0
2023-05-15,3938.83,3998.887,3998.887,3923.032,17625736200,0
2023-05-16,4002.524,3978.205,4005.015,3966.992,13683327100,0
2023-05-17,3971.702,3960.165,3982.604,3945.714,11844818500,0
2023-05-18,3965.516,3956.07,3982.718,3939.553,13653394700,0
2023-05-19,3946.222,3944.54,3967.282,3928.316,12021247900,0
2023-05-22,3941.002,3969.328,3985.403,3935.802,10911660500,0
2023-05-23,3968.235,3913.188,3971.939,3913.188,11868507700,0
2023-05-24,3903.782,3859.094,3903.782,3859.094,13725826500,0
2023-05-25,3851.405,3850.5,3861.382,3817.837,12415077000,0
2023-05-26,3848.417,3850.951,3859.629,3815.57,10032643900,0
2023-05-29,3862.084,3833.942,3866.724,3819.182,13185996700,0
2023-05-30,3827.792,3837.753,3844.005,3789.274,13761962900,0
2023-05-31,3827.163,3798.543,3827.163,3781.403,12638736800,0
2023-06-01,3788.59,3806.868,3832.205,3786.734,13456188100,0
2023-06-02,3821.62,3861.834,3865.284,3821.62,12501511000,0
2023-06-05,3860.556,3844.249,3860.556,3832.458,11616398900,0
2023-06-06,3840.459,3808.163,3867.845,3802.845,12578125800,0
2023-06-07,3815.482,3789.342,3823.112,3780.102,9886243200,0
2023-06-08,3791.083,3820.187,3834.389,3777.775,11870093400,0
2023-06-09,3822.409,3836.703,3836.703,3811.219,13431986300,0
2023-06-12,3827.325,3844.432,3859.716,3813.858,12675854300,0
2023-06-13,3838.129,3864.907,3867.303,3833.46,11092494600,0
2023-06-14,3872.716,3864.025,3891.666,3862.061,12495575900,0
2023-06-15,3871.775,3925.499,3925.499,3871.775,12836993800,0
2023-06-16,3932.211,3963.351,3968.013,3928.542,13976007600,0
2023-06-19,3957.033,3930.908,3957.033,3922.474,13490584800,0
2023-06-20,3926.094,3924.238,3937.495,3918.473,12252031800,0
2023-06-21,3909.104,3864.032,3920.128,3864.032,11834657500,0
2023-06-26,3833.444,3809.696,3841.286,3801.054,13399041900,0
2023-06-27,3811.687,3845.433,3851.896,3806.324,11699268100,0
2023-06-28,3836.609,3840.799,3846.852,3808.161,10702154100,0
2023-06-29,3836.731,3821.844,3840.713,3817.376,9828927400,0
2023-06-30,3816.335,3842.452,3860.031,3813.552,10126842900,0
2023-07-03,3853.292,3892.882,3897.327,3853.292,13315805100,0
2023-07-04,3888.033,3899.013,3899.976,3878.398,10949452700,0
2023-07-05,3895.195,3868.805,3899.519,3864.13,9763638400,0
2023-07-06,3857.03,3842.755,3876.89,3836.457,10012184200,0
2023-07-07,3831.596,3825.699,3844.844,3819.077,10090692000,0
2023-07-10,3841.559,3844.327,3865.457,3831.92,9203344100,0
2023-07-11,3853.796,3869.486,3870.655,3844.524,8651071600,0
2023-07-12,3864.601,3843.437,3874.04,3838.563,11152202400,0
2023-07-13,3855.662,3898.423,3901.102,3855.662,12030023200,0
2023-07-14,3904.603,3899.103,3908.487,3893.786,12236484600,0
2023-07-17,3881.623,3867.175,3881.623,3852.263,9834014400,0
2023-07-18,3871.044,3854.939,3871.044,3844.513,9143861500,0
2023-07-19,3848.483,3850.866,3860.009,3830.407,7958570000,0
2023-07-20,3857.773,3823.695,3875.624,3818.713,9204207600,0
2023-07-21,3816.984,3821.91,3849.511,3808.803,7950756300,0
2023-07-24,3803.349,3805.221,3828.785,3798.805,7548354500,0
2023-07-25,3866.645,3915.115,3915.815,3866.645,16306632000,0
2023-07-26,3908.174,3907.013,3912.983,3893.399,10788171700,0
2023-07-27,3914.23,3902.346,3935.358,3894.692,11066710900,0
2023-07-28,3889.793,3992.738,4000.919,3886.554,17973548100,0
2023-07-31,4018.89,4014.63,4064.362,4002.078,19960683000,0
2023-08-01,4009.183,3998.001,4031.701,3983.027,14228685900,0
2023-08-02,3985.695,3969.895,4008.334,3958.513,12585569000,0
2023-08-03,3962.13,4004.984,4005.0,3962.13,12900664000,0
2023-08-04,4033.724,4020.579,4058.243,4011.62,17826718900,0
2023-08-07,4002.968,3990.153,4002.968,3977.017,12131066200,0
2023-08-08,3980.042,3979.732,4002.29,3963.463,10987169900,0
2023-08-09,3967.357,3967.565,3982.109,3961.843,9464026900,0
2023-08-10,3962.857,3975.717,3976.464,3945.387,9717684900,0
2023-08-11,3977.983,3884.254,3977.983,3884.254,12608293100,0
2023-08-14,3840.887,3855.906,3859.472,3814.071,11596633600,0
2023-08-15,3858.366,3846.536,3865.284,3811.684,10309711100,0
2023-08-16,3830.827,3818.334,3852.42,3817.632,9461694600,0
2023-08-17,3801.197,3831.101,3836.151,3782.497,9841549300,0
2023-08-18,3832.455,3784.004,3844.195,3784.004,9554963800,0
2023-08-21,3773.225,3729.555,3782.111,3729.555,9870836900,0
2023-08-22,3748.068,3758.227,3770.056,3704.679,12031832700,0
2023-08-23,3751.774,3696.634,3756.166,3695.031,9708163800,0
2023-08-24,3711.54,3723.429,3748.857,3701.572,11961452100,0
2023-08-25,3703.514,3709.152,3734.219,3695.844,10518261000,0
2023-08-28,3911.549,3752.619,3911.549,3740.528,19799037900,0
2023-08-29,3743.053,3790.107,3810.377,3742.076,15248614600,0
2023-08-30,3803.119,3788.51,3813.703,3780.241,12967166100,0
2023-08-31,3786.926,3765.268,3793.997,3762.005,11896164600,0
2023-09-01,3778.913,3791.491,3808.531,3778.913,10531904500,0
2023-09-04,3812.987,3848.952,3854.261,3804.589,14238520100,0
2023-09-05,3839.578,3820.317,3839.578,3814.334,10405233300,0
2023-09-06,3808.1,3812.028,3817.524,3790.895,9344239300,0
2023-09-07,3802.227,3758.475,3802.227,3756.853,9510390300,0
2023-09-08,3747.651,3739.993,3753.263,3724.987,7163816600,0
2023-09-11,3740.585,3767.537,3788.322,3734.723,10535801600,0
2023-09-12,3764.333,3760.605,3775.093,3755.416,7938537800,0
2023-09-13,3759.609,3736.651,3768.816,3719.111,8157690100,0
2023-09-14,3736.936,3733.508,3748.818,3717.311,10038607500,0
2023-09-15,3740.785,3708.777,3749.025,3699.381,10939568900,0
2023-09-18,3698.934,3727.711,3737.531,3691.111,8672774100,0
2023-09-19,3723.424,3720.502,3724.072,3702.693,8319903800,0
2023-09-20,3715.958,3705.69,3718.521,3705.127,7544820900,0
2023-09-21,3698.313,3672.445,3708.456,3672.445,8303100500,0
2023-09-22,3672.64,3738.933,3740.418,3664.766,11023116600,0
2023-09-25,3738.062,3714.604,3738.062,3711.205,9259647900,0
2023-09-26,3711.711,3692.893,3723.848,3692.617,7804452500,0
2023-09-27,3694.961,3700.495,3731.141,3694.394,9162921000,0
2023-09-28,3711.212,3689.517,3716.057,3685.3,8522171900,0
2023-10-09,3678.929,3684.727,3694.171,3641.997,10214805800,0
2023-10-10,3696.254,3657.126,3701.256,3655.589,9916373000,0
2023-10-11,3674.751,3667.548,3689.535,3658.355,10209158700,0
2023-10-12,3697.934,3702.382,3711.499,3682.842,11436322500,0
2023-10-13,3677.959,3663.41,3678.191,3652.309,9828798700,0
2023-10-16,3664.039,3626.597,3664.039,3615.769,9185311800,0
2023-10-17,3635.299,3639.402,3645.565,3619.128,9074518800,0
2023-10-18,3631.067,3610.577,3632.058,3608.977,9454587900,0
2023-10-19,3588.515,3533.545,3588.515,3532.306,11173752000,0
2023-10-20,3518.346,3510.589,3535.662,3501.725,9851860500,0
2023-10-23,3500.199,3474.244,3505.347,3450.646,9656165200,0
2023-10-24,3481.764,3487.13,3495.004,3453.102,11554728900,0
2023-10-25,3524.297,3504.458,3531.831,3500.915,12800961700,0
2023-10-26,3484.781,3514.145,3515.572,3478.05,10514356600,0
2023-10-27,3501.171,3562.385,3576.586,3494.549,12022510800,0
2023-10-30,3554.106,3583.772,3592.719,3554.024,14401042600,0
2023-10-31,3581.676,3572.506,3581.676,3554.582,11258726700,0
2023-11-01,3605.758,3571.027,3606.413,3564.642,9764553800,0
2023-11-02,3580.067,3554.189,3597.17,3553.741,9035964300,0
2023-11-03,3558.53,3584.136,3596.101,3558.53,9754210100,0
2023-11-06,3608.319,3632.608,3635.79,3600.63,15298246300,0
2023-11-07,3623.785,3619.759,3628.462,3606.298,11028859100,0
2023-11-08,3610.643,3611.072,3627.048,3591.825,11059423000,0
2023-11-09,3603.108,3612.826,3624.414,3601.374,11187205700,0
2023-11-10,3596.069,3586.489,3599.452,3576.101,10210703400,0
2023-11-13,3593.911,3579.414,3599.39,3562.768,9670764900,0
2023-11-14,3581.103,3582.058,3600.148,3568.882,10088415800,0
2023-11-15,3616.877,3607.245,3620.601,3596.916,10492921800,0
2023-11-16,3600.981,3572.364,3605.29,3572.364,8746478000,0
2023-11-17,3561.311,3568.069,3573.682,3547.029,8731920700,0
2023-11-20,3569.731,3576.323,3586.973,3545.104,9108044500,0
2023-11-21,3587.878,3581.067,3615.057,3575.682,10859431400,0
2023-11-22,3569.439,3544.416,3574.378,3544.416,8478438100,0
2023-11-23,3541.442,3561.52,3562.068,3529.939,8480016700,0
2023-11-24,3560.646,3538.009,3560.646,3533.996,8501840300,0
2023-11-27,3534.445,3511.942,3534.445,3492.862,9910231400,0
2023-11-28,3510.655,3518.523,3521.046,3501.109,8933578900,0
2023-11-29,3518.884,3488.307,3519.198,3482.244,9884141200,0
2023-11-30,3485.517,3496.203,3505.127,3481.452,10135082000,0
2023-12-01,3494.223,3482.881,3494.223,3452.173,10853094100,0
2023-12-04,3481.045,3460.138,3488.133,3459.611,9715682600,0
2023-12-05,3450.09,3394.257,3450.09,3393.814,10047200700,0
2023-12-06,3387.88,3399.598,3420.277,3382.946,10580551900,0
2023-12-07,3394.306,3391.282,3404.407,3369.768,9771324800,0
2023-12-08,3391.859,3399.462,3409.385,3383.448,12952205400,0
2023-12-11,3378.052,3419.455,3426.611,3346.89,13962624900,0
2023-12-12,3409.998,3426.803,3427.546,3406.101,10559001300,0
2023-12-13,3418.641,3369.605,3418.641,3369.605,9528536700,0
2023-12-14,3387.385,3351.964,3399.139,3350.765,8365513500,0
2023-12-15,3365.939,3341.552,3388.505,3339.519,9778778300,0
2023-12-18,3329.191,3329.366,3352.346,3314.91,9052682600,0
2023-12-19,3325.66,3334.041,3345.78,3313.187,8380811800,0
2023-12-20,3334.332,3297.502,3338.543,3297.365,9241286800,0
2023-12-21,3285.605,3330.87,3339.355,3283.988,10254619800,0
2023-12-22,3329.467,3337.228,3359.06,3315.898,10522013300,0
2023-12-25,3330.333,3347.451,3348.882,3330.333,7454269300,0
2023-12-26,3345.395,3324.79,3345.417,3315.937,7473293500,0
2023-12-27,3326.927,3336.357,3341.266,3309.673,9440392800,0
2023-12-28,3335.557,3414.54,3423.402,3331.208,14806485100,0
2023-12-29,3411.109,3431.11,3432.541,3409.58,11492893200,0
2024-01-02,3426.268,3386.352,3426.268,3386.352,11618072600,0
2024-01-03,3379.75,3378.297,3392.85,3362.662,10561385100,0
2024-01-04,3375.021,3347.052,3375.021,3323.865,10672101300,0
2024-01-05,3341.306,3329.111,3372.544,3313.554,12640057400,0
2024-01-08,3322.605,3286.056,3333.516,3283.342,11742948500,0
2024-01-09,3286.708,3292.499,3304.601,3273.843,10933046500,0
2024-01-10,3281.669,3277.129,3312.916,3268.247,9419936600,0
2024-01-11,3275.309,3295.672,3311.114,3266.791,10878973500,0
2024-01-12,3284.358,3284.167,3310.47,3279.699,9685355500,0
2024-01-15,3270.103,3280.92,3306.922,3261.269,8885153000,0
2024-01-16,3272.571,3300.876,3300.876,3260.436,11327666500,0
2024-01-17,3291.139,3229.082,3291.139,3229.082,10876972800,0
2024-01-18,3214.284,3274.729,3279.254,3171.633,17490916800,0
2024-01-19,3261.239,3269.776,3286.942,3251.814,11850140800,0
2024-01-22,3262.469,3218.902,3281.421,3193.178,14870562800,0
2024-01-23,3208.432,3231.933,3249.531,3188.126,12201200000,0
2024-01-24,3245.959,3277.109,3281.489,3190.467,15437195400,0
2024-01-25,3274.339,3342.919,3344.243,3269.794,19683361400,0
2024-01-26,3326.647,3333.821,3351.969,3315.127,18066400500,0
2024-01-29,3335.394,3303.96,3351.372,3303.96,18416479500,0
2024-01-30,3283.898,3245.039,3300.204,3244.972,14364935000,0
2024-01-31,3231.543,3215.352,3252.148,3201.926,15314346900,0
2024-02-01,3202.256,3217.711,3251.758,3191.897,14551679200,0
2024-02-02,3219.873,3179.628,3235.408,3108.352,17375808900,0
2024-02-05,3164.25,3200.422,3233.849,3111.518,20304297000,0
2024-02-06,3185.25,3311.692,3314.512,3182.822,20271309900,0
2024-02-07,3314.031,3343.63,3343.63,3289.67,21664793300,0
2024-02-08,3351.405,3364.93,3367.21,3336.978,18997757800,0
2024-02-19,3393.192,3403.808,3403.808,3364.142,18331980000,0
2024-02-20,3395.192,3410.854,3415.894,3380.103,14073458100,0
2024-02-21,3390.362,3456.871,3500.134,3383.691,18887936200,0
2024-02-22,3450.352,3486.675,3486.683,3448.414,14102078400,0
2024-02-23,3491.337,3489.742,3507.559,3472.968,14482127300,0
2024-02-26,3485.543,3453.359,3492.606,3445.389,15124833100,0
2024-02-27,3440.052,3494.787,3494.787,3437.442,13952824600,0
2024-02-28,3499.826,3450.26,3521.657,3450.26,18983754800,0
2024-02-29,3437.898,3516.083,3516.083,3437.898,15594453200,0
2024-03-01,3515.059,3537.804,3544.36,3503.459,16270957000,0
2024-03-04,3538.366,3540.869,3548.69,3519.76,16324461300,0
2024-03-05,3524.964,3565.514,3570.694,3519.082,16642238900,0
2024-03-06,3556.532,3551.048,3577.388,3545.101,14307661300,0
2024-03-07,3548.101,3529.72,3569.919,3522.896,14811051000,0
2024-03-08,3529.551,3544.91,3548.506,3511.577,12579266400,0
2024-03-11,3545.943,3589.264,3589.264,3542.279,14820282500,0
2024-03-12,3592.583,3597.494,3605.698,3574.212,18068556000,0
2024-03-13,3594.421,3572.361,3594.421,3563.369,14459059000,0
2024-03-14,3571.789,3562.223,3597.46,3545.612,14096272200,0
2024-03-15,3554.907,3569.993,3572.809,3533.68,13831604400,0
2024-03-18,3577.056,3603.528,3604.052,3573.404,16037943800,0
2024-03-19,3593.34,3577.63,3610.739,3577.188,14557178600,0
2024-03-20,3568.716,3585.384,3589.546,3568.434,12952896600,0
2024-03-21,3593.07,3581.09,3601.115,3575.033,13074337700,0
2024-03-22,3571.274,3545.002,3575.717,3522.84,13922735800,0
2024-03-25,3536.714,3525.763,3564.96,3525.763,13701572400,0
2024-03-26,3526.682,3543.747,3547.646,3518.602,12620953500,0
2024-03-27,3538.724,3502.787,3542.962,3502.787,12862676300,0
2024-03-28,3498.482,3520.965,3551.214,3489.386,14333471700,0
2024-03-29,3516.883,3537.484,3538.238,3516.883,12864329000,0
2024-04-01,3551.582,3595.647,3600.919,3551.582,16277656100,0
2024-04-02,3593.221,3580.676,3596.19,3568.754,14127297200,0
2024-04-03,3578.684,3567.803,3582.432,3558.874,13559233100,0
2024-04-08,3553.555,3536.408,3567.82,3535.769,15530428300,0
2024-04-09,3533.385,3533.487,3543.714,3518.86,12967094200,0
2024-04-10,3528.968,3504.709,3531.23,3490.053,12879027400,0
2024-04-11,3485.029,3504.245,3520.589,3484.925,12653439500,0
2024-04-12,3505.75,3475.839,3516.699,3470.061,12892111600,0
2024-04-15,3473.505,3549.076,3552.413,3473.505,18394125000,0
2024-04-16,3533.364,3511.115,3545.503,3503.616,17615306500,0
2024-04-17,3509.132,3565.403,3565.939,3498.032,16846639800,0
2024-04-18,3550.556,3569.802,3602.79,3547.6,17857410500,0
2024-04-19,3550.609,3541.662,3560.949,3529.324,14728150500,0
2024-04-22,3536.184,3530.905,3558.164,3528.019,15057904200,0
2024-04-23,3525.668,3506.225,3533.758,3499.984,14311350400,0
2024-04-24,3514.011,3521.622,3524.537,3495.649,12173985100,0
2024-04-25,3510.64,3530.281,3543.97,3505.2,11518772200,0
2024-04-26,3531.965,3584.269,3588.4,3531.965,19721613300,0
2024-04-29,3584.543,3623.912,3645.823,3578.76,22272138100,0
2024-04-30,3619.259,3604.394,3630.709,3604.394,19129689900,0
2024-05-06,3654.049,3657.877,3668.257,3645.738,20801800700,0
2024-05-07,3657.001,3659.008,3665.684,3648.376,16483428600,0
2024-05-08,3650.748,3630.223,3650.936,3628.698,13003533600,0
2024-05-09,3630.414,3664.561,3669.759,3630.414,14655901700,0
2024-05-10,3669.087,3666.277,3674.609,3641.764,15072053600,0
2024-05-13,3646.349,3664.691,3673.621,3634.605,15726745500,0
2024-05-14,3668.225,3657.045,3675.776,3646.709,13340649000,0
2024-05-15,3651.054,3626.056,3656.528,3624.002,12352276400,0
2024-05-16,3636.601,3640.359,3657.483,3626.334,15463050300,0
2024-05-17,3638.561,3677.97,3677.97,3627.447,16457041700,0
2024-05-20,3682.062,3690.962,3703.029,3677.443,18460942300,0
2024-05-21,3682.287,3676.161,3684.611,3665.152,13067828300,0
2024-05-22,3675.647,3684.451,3691.88,3667.089,15191460500,0
2024-05-23,3672.84,3641.792,3674.365,3633.505,14257299000,0
2024-05-24,3630.827,3601.475,3650.873,3599.668,12479117700,0
2024-05-27,3606.645,3635.708,3638.151,3603.713,13127264400,0
2024-05-28,3633.254,3609.172,3638.97,3605.921,12353223800,0
2024-05-29,3609.071,3613.522,3633.197,3602.82,11590632100,0
2024-05-30,3607.052,3594.312,3624.035,3586.754,12260299500,0
2024-05-31,3599.82,3579.925,3614.644,3579.925,11246201900,0
2024-06-03,3577.38,3588.748,3600.604,3567.871,14105459100,0
2024-06-04,3583.81,3615.671,3622.501,3580.277,12454509600,0
2024-06-05,3610.36,3594.794,3623.323,3594.106,11090676600,0
2024-06-06,3602.155,3592.245,3625.011,3584.171,13789351700,0
2024-06-07,3594.634,3574.114,3603.07,3552.085,13110302600,0
2024-06-11,3555.819,3542.877,3565.311,3525.895,13452230600,0
2024-06-12,3539.095,3544.123,3551.171,3531.566,12281372900,0
2024-06-13,3548.216,3526.131,3551.077,3520.18,12324546200,0
2024-06-14,3514.8,3541.533,3547.147,3503.523,17151694200,0
2024-06-17,3521.437,3536.199,3540.793,3520.738,13743343800,0
2024-06-18,3533.488,3545.59,3551.709,3532.785,12367183800,0
2024-06-19,3543.36,3528.749,3543.36,3524.845,10664279700,0
2024-06-20,3525.169,3503.282,3533.987,3500.131,11161739600,0
2024-06-21,3496.343,3495.62,3505.512,3473.828,10918661500,0
2024-06-24,3473.639,3476.81,3505.775,3471.216,11799018400,0
2024-06-25,3475.165,3457.902,3483.219,3440.646,11844811800,0
2024-06-26,3451.539,3480.265,3487.396,3442.298,10589886100,0
2024-06-27,3467.289,3454.118,3471.142,3452.578,11491810100,0
2024-06-28,3443.674,3461.657,3484.678,3443.674,13540915300,0
2024-07-01,3458.264,3478.183,3479.955,3443.809,12182977000,0
2024-07-02,3472.453,3471.786,3488.319,3464.524,12165012100,0
2024-07-03,3471.556,3463.414,3478.705,3454.994,10385710800,0
2024-07-04,3468.296,3445.813,3483.31,3444.928,10442990900,0
2024-07-05,3443.359,3431.061,3451.039,3399.669,11660965900,0
2024-07-08,3420.803,3401.76,3428.042,3395.912,11552821800,0
2024-07-09,3396.804,3439.811,3448.928,3384.809,13162944300,0
2024-07-10,3425.882,3428.966,3447.505,3423.648,12720345600,0
2024-07-11,3451.044,3468.169,3473.984,3438.118,14589246600,0
2024-07-12,3459.956,3472.401,3479.096,3457.363,13087458900,0
2024-07-15,3462.611,3476.247,3481.461,3460.792,11851708300,0
2024-07-16,3466.852,3498.283,3500.294,3464.366,12065901700,0
2024-07-17,3494.209,3501.584,3514.475,3486.223,13180206200,0
2024-07-18,3483.298,3520.931,3522.8,3475.724,12376819900,0
2024-07-19,3500.805,3539.016,3545.338,3493.073,13244797500,0
2024-07-22,3538.401,3514.925,3540.187,3494.014,13212633700,0
2024-07-23,3509.789,3439.878,3509.789,3439.878,12889766000,0
2024-07-24,3432.346,3418.166,3451.42,3408.413,12703626300,0
2024-07-25,3404.611,3399.272,3415.856,3383.799,13102224200,0
2024-07-26,3403.708,3409.293,3420.82,3388.66,12419555800,0
2024-07-29,3404.366,3390.742,3408.502,3388.844,10978778600,0
2024-07-30,3380.689,3369.382,3380.689,3352.804,10495216400,0
2024-07-31,3364.027,3442.084,3445.004,3364.027,17195917700,0
2024-08-01,3443.14,3419.267,3448.336,3419.187,13632346400,0
2024-08-02,3393.917,3384.392,3419.102,3380.965,11661525500,0
2024-08-05,3362.112,3343.321,3409.031,3343.321,14281251600,0
2024-08-06,3367.352,3342.979,3376.796,3318.625,11934027900,0
2024-08-07,3338.591,3341.489,3362.384,3329.966,9508437700,0
2024-08-08,3332.428,3342.937,3364.786,3320.843,9249569500,0
2024-08-09,3358.128,3331.627,3366.669,3331.627,9151162600,0
2024-08-12,3327.556,3325.865,3338.077,3319.891,7993875400,0
2024-08-13,3328.014,3334.39,3335.014,3310.191,8448967900,0
2024-08-14,3332.787,3309.239,3332.787,3309.1,7874240700,0
2024-08-15,3301.446,3341.953,3356.764,3297.971,10476639900,0
2024-08-16,3342.035,3345.634,3356.907,3335.624,9651908300,0
2024-08-19,3344.261,3356.968,3375.962,3343.712,10557111000,0
2024-08-20,3361.639,3332.703,3362.334,3321.64,10166833100,0
2024-08-21,3322.913,3321.635,3339.443,3307.992,8995475100,0
2024-08-22,3322.872,3313.136,3327.696,3305.245,10036650400,0
2024-08-23,3305.931,3327.191,3336.241,3305.64,8952577400,0
2024-08-26,3330.718,3324.223,3336.527,3311.57,9399077200,0
2024-08-27,3315.686,3305.334,3320.567,3299.564,9580815700,0
2024-08-28,3298.909,3286.496,3305.35,3274.588,9269665000,0
2024-08-29,3273.541,3277.681,3290.786,3269.529,13070233300,0
2024-08-30,3273.753,3321.432,3351.625,3273.65,18869544300,0
2024-09-02,3307.543,3265.011,3307.763,3264.757,14761235300,0
2024-09-03,3261.741,3273.428,3281.594,3261.188,12289730600,0
2024-09-04,3253.898,3252.165,3272.986,3249.981,10483248200,0
2024-09-05,3252.96,3257.758,3266.882,3247.173,9710945000,0
2024-09-06,3261.154,3231.346,3274.814,3231.069,8840041700,0
2024-09-09,3214.8,3192.952,3222.928,3180.928,10867306900,0
2024-09-10,3193.456,3195.755,3205.097,3171.793,9729007800,0
2024-09-11,3187.051,3186.13,3197.336,3174.034,10248211000,0
2024-09-12,3189.427,3172.475,3201.554,3171.878,9286865700,0
2024-09-13,3174.034,3159.247,3188.915,3159.247,8833667700,0
2024-09-18,3158.818,3171.01,3179.901,3145.791,8472281400,0
2024-09-19,3178.396,3196.036,3213.838,3149.793,12543927200,0
2024-09-20,3192.432,3201.05,3207.988,3173.224,11806409800,0
2024-09-23,3200.868,3212.764,3230.161,3198.025,9534485500,0
2024-09-24,3244.647,3351.909,3351.968,3222.489,20407221700,0
2024-09-25,3403.702,3401.533,3465.488,3393.438,24156425500,0
2024-09-26,3399.319,3545.32,3545.325,3391.677,24313401000,0
2024-09-27,3617.92,3703.685,3708.495,3596.583,26548777400,0
2024-09-30,3846.652,4017.855,4038.697,3796.505,51021770700,0
2024-10-08,4450.368,4256.096,4450.368,4094.352,58986789400,0
2024-10-09,4168.844,3955.984,4197.6,3942.512,48226929500,0
2024-10-10,3979.612,3997.788,4098.497,3912.771,39505309900,0
2024-10-11,3969.758,3887.167,3978.239,3847.123,27409650500,0
2024-10-14,3915.219,3961.342,3979.543,3868.779,30757899300,0
2024-10-15,3942.534,3855.995,3967.871,3855.995,24248644800,0
2024-10-16,3806.137,3831.589,3877.748,3805.087,21886640700,0
2024-10-17,3853.841,3788.222,3882.073,3787.75,21231382000,0
2024-10-18,3780.314,3925.234,3998.214,3765.162,31295883400,0
2024-10-21,3946.902,3935.197,3979.264,3896.165,29118563400,0
2024-10-22,3923.744,3957.776,3965.908,3917.522,22343339600,0
2024-10-23,3955.319,3973.209,4012.18,3939.099,24587394900,0
2024-10-24,3950.899,3928.833,3957.983,3914.089,17472406200,0
2024-10-25,3931.321,3956.421,3992.892,3921.94,21069488500,0
2024-10-28,3953.106,3964.157,3964.157,3917.204,21616041500,0
2024-10-29,3970.008,3924.649,3991.309,3921.58,21729398400,0
2024-10-30,3904.16,3889.449,3926.058,3864.305,21943662600,0
2024-10-31,3888.423,3891.04,3923.9,3859.108,30063671800,0
2024-11-01,3882.458,3890.02,3933.22,3879.959,30798648100,0
2024-11-04,3897.714,3944.762,3944.762,3891.211,22923906000,0
2024-11-05,3937.623,4044.573,4046.698,3925.414,31686279400,0
2024-11-06,4051.289,4024.283,4091.703,4002.503,33580793800,0
2024-11-07,3987.267,4145.695,4146.151,3984.665,34143641400,0
2024-11-08,4192.079,4104.047,4200.908,4094.163,33235038500,0
2024-11-11,4066.934,4131.131,4132.511,4048.039,28959422700,0
2024-11-12,4133.353,4085.743,4181.71,4060.794,29777808600,0
2024-11-13,4059.59,4110.89,4121.074,4059.59,24048409900,0
2024-11-14,4101.223,4039.619,4118.169,4034.944,23015278400,0
2024-11-15,4025.648,3968.831,4049.071,3968.831,24739946300,0
2024-11-18,3982.104,3950.381,4034.06,3931.187,30677794600,0
2024-11-19,3954.604,3976.891,3979.151,3896.749,24294646500,0
2024-11-20,3966.124,3985.773,4001.085,3958.338,18459937200,0
2024-11-21,3979.455,3989.298,3999.569,3966.066,16612592700,0
2024-11-22,3984.244,3865.699,3990.265,3865.699,21628580900,0
2024-11-25,3875.613,3848.091,3889.707,3812.318,19070295300,0
2024-11-26,3836.259,3840.185,3875.229,3833.284,14989244100,0
2024-11-27,3829.344,3907.045,3907.164,3817.913,17413609600,0
2024-11-28,3904.253,3872.551,3908.392,3866.014,15011729100,0
2024-11-29,3869.89,3916.583,3962.7,3869.89,18765671300,0
2024-12-02,3909.703,3947.632,3955.125,3902.17,19728978400,0
2024-12-03,3946.703,3951.891,3963.947,3922.843,18249686700,0
2024-12-04,3948.13,3930.557,3957.365,3917.747,17462631800,0
2024-12-05,3916.564,3921.588,3936.336,3910.083,13853403800,0
2024-12-06,3923.895,3973.141,3995.117,3923.895,19205790700,0
2024-12-09,3970.663,3966.571,3995.512,3948.421,17595995800,0
2024-12-10,4094.05,3995.637,4098.38,3988.968,25346379500,0
2024-12-11,3988.018,3988.831,4005.325,3977.352,17725284600,0
2024-12-12,3987.153,4028.505,4031.744,3981.349,18162177700,0
2024-12-13,4000.985,3933.181,4000.985,3931.739,23035307900,0
2024-12-16,3930.781,3911.842,3938.76,3901.647,17851125100,0
2024-12-17,3908.126,3922.033,3955.945,3908.126,16093909000,0
2024-12-18,3934.543,3941.89,3956.144,3933.969,15773832100,0
2024-12-19,3911.89,3945.464,3954.349,3899.748,16108104000,0
2024-12-20,3937.472,3927.744,3958.634,3923.256,15498649600,0
2024-12-23,3928.149,3933.572,3965.85,3928.149,19006736200,0
2024-12-24,3934.942,3983.688,3985.859,3934.734,16149458900,0
2024-12-25,3987.956,3985.629,4007.763,3969.477,15939074700,0
2024-12-26,3981.732,3987.48,3991.533,3965.546,14342528600,0
2024-12-27,3987.019,3981.031,4007.131,3970.937,16926866600,0
2024-12-30,3976.7,3999.055,4005.778,3976.7,16461248500,0
2024-12-31,3995.871,3934.911,4004.346,3934.911,18392839700,0
2025-01-02,3931.816,3820.395,3934.203,3796.339,21789872400,0
2025-01-03,3825.243,3775.165,3835.935,3767.665,17534267600,0
2025-01-06,3775.99,3768.97,3788.849,3743.073,15094667000,0
2025-01-07,3760.866,3796.106,3797.602,3749.058,14645577900,0
2025-01-08,3781.261,3789.215,3810.736,3731.189,16916696800,0
2025-01-09,3780.734,3779.877,3795.261,3768.681,12979400200,0
2025-01-10,3778.893,3732.481,3786.807,3732.481,13752317100,0
2025-01-13,3704.444,3722.513,3737.885,3704.107,13644619900,0
2025-01-14,3728.556,3820.54,3826.64,3718.877,17066465700,0
2025-01-15,3810.035,3796.026,3816.828,3790.166,14147552000,0
2025-01-16,3812.194,3800.384,3842.947,3776.286,14450587100,0
2025-01-17,3788.373,3812.343,3831.64,3780.213,12662196100,0
2025-01-20,3835.304,3829.676,3858.668,3821.982,13958127700,0
2025-01-21,3850.356,3832.615,3850.911,3817.121,14121840600,0
2025-01-22,3823.945,3797.017,3823.945,3783.144,13725506200,0
2025-01-23,3829.046,3803.744,3864.259,3801.853,18056955100,0
2025-01-24,3793.85,3832.864,3847.6,3793.484,14897172200,0
2025-01-27,3836.958,3817.08,3851.997,3817.08,14667077200,0
2025-02-05,3844.7,3795.085,3844.7,3785.162,15716830800,0
2025-02-06,3789.609,3842.831,3843.494,3788.32,16728817600,0
2025-02-07,3844.057,3892.703,3919.35,3833.869,22185770700,0
2025-02-10,3898.102,3901.062,3906.368,3878.831,18890304000,0
2025-02-11,3905.159,3883.135,3905.159,3872.909,16657490900,0
2025-02-12,3875.96,3919.862,3920.723,3867.354,16422854000,0
2025-02-13,3913.904,3905.14,3939.198,3904.985,17248587400,0
2025-02-14,3900.827,3939.009,3942.036,3900.827,17297645200,0
2025-02-17,3954.415,3947.398,3955.896,3921.702,21358824600,0
2025-02-18,3942.576,3912.783,3965.423,3901.868,20942510100,0
2025-02-19,3906.22,3940.16,3943.674,3904.146,18282951700,0
2025-02-20,3934.65,3928.896,3940.678,3916.177,16389523600,0
2025-02-21,3938.052,3978.444,3981.048,3927.787,22740033000,0
2025-02-24,3972.483,3969.717,3995.946,3949.231,22081061800,0
2025-02-25,3933.636,3925.651,3955.434,3915.653,17810858000,0
2025-02-26,3931.842,3959.941,3960.33,3925.366,19106250100,0
2025-02-27,3961.064,3968.116,3973.932,3933.461,20288796300,0
2025-02-28,3950.187,3890.049,3972.481,3886.399,19810414700,0
2025-03-03,3899.696,3888.474,3930.005,3872.587,17762316600,0
2025-03-04,3865.994,3885.221,3890.424,3855.725,14985096700,0
2025-03-05,3887.799,3902.571,3906.421,3877.019,15865275100,0
2025-03-06,3923.383,3956.237,3964.494,3917.083,19396091500,0
2025-03-07,3944.915,3944.014,3967.074,3935.046,16673237500,0
2025-03-10,3945.58,3928.802,3949.145,3905.127,15276523200,0
2025-03-11,3890.431,3941.416,3941.416,3889.43,14475440200,0
2025-03-12,3946.862,3927.232,3953.613,3921.474,15673219000,0
2025-03-13,3925.744,3911.579,3939.285,3897.376,15653644300,0
2025-03-14,3919.616,4006.557,4014.159,3919.616,21613900300,0
2025-03-17,4020.64,3996.788,4021.728,3992.256,16220291100,0
2025-03-18,4011.779,4007.723,4016.873,3995.96,14020849600,0
2025-03-19,4004.825,4010.168,4025.299,3989.512,14441942800,0
2025-03-20,4011.059,3974.992,4012.042,3969.926,13375467000,0
2025-03-21,3966.515,3914.696,3983.148,3904.767,16590529400,0
2025-03-24,3916.114,3934.849,3938.183,3907.2,15223467400,0
2025-03-25,3937.898,3932.295,3946.357,3921.529,14047539900,0
2025-03-26,3930.207,3919.357,3942.026,3916.861,13116418700,0
2025-03-27,3911.384,3932.412,3952.985,3903.652,12679373800,0
2025-03-28,3930.776,3915.166,3934.234,3907.384,12635621400,0
2025-03-31,3905.982,3887.306,3928.448,3872.403,16679852300,0
2025-04-01,3892.779,3887.684,3905.262,3882.405,14038027400,0
2025-04-02,3884.418,3884.386,3900.495,3877.16,11304317500,0
2025-04-03,3843.418,3861.503,3883.703,3843.418,14259978900,0
2025-04-07,3675.202,3589.441,3707.777,3514.117,31257858600,0
2025-04-08,3597.986,3650.759,3650.759,3583.875,28019731200,0
2025-04-09,3606.104,3686.794,3686.794,3587.337,26230570800,0
2025-04-10,3749.126,3735.115,3756.139,3708.819,22725222700,0
2025-04-11,3730.315,3750.517,3762.365,3708.462,16875969100,0
2025-04-14,3772.041,3759.142,3776.634,3754.033,16446240300,0
2025-04-15,3756.479,3761.235,3764.486,3737.85,13400604000,0
2025-04-16,3757.876,3772.82,3775.166,3721.603,15635900600,0
2025-04-17,3755.086,3772.222,3779.125,3749.504,12237100200,0
2025-04-18,3760.043,3772.523,3782.044,3754.407,10294850900,0
2025-04-21,3768.142,3784.881,3790.178,3763.138,12135573000,0
2025-04-22,3780.112,3783.952,3799.23,3778.079,12568825700,0
2025-04-23,3803.43,3786.882,3807.954,3780.518,13198687000,0
2025-04-24,3787.459,3784.357,3807.26,3775.207,11716456000,0
2025-04-25,3792.084,3786.994,3801.577,3780.777,12459113300,0
2025-04-28,3786.387,3781.619,3792.008,3772.803,12514509100,0
2025-04-29,3776.003,3775.077,3785.316,3768.031,11151469400,0
2025-04-30,3775.831,3770.571,3787.564,3768.757,14368165800,0
2025-05-06,3794.376,3808.542,3809.094,3782.777,15852045900,0
2025-05-07,3861.577,3831.627,3863.678,3814.987,16117229900,0
2025-05-08,3820.548,3852.896,3867.331,3816.264,12495983300,0
2025-05-09,3848.619,3846.157,3853.663,3836.535,11938952600,0
2025-05-12,3866.531,3890.61,3890.734,3859.035,15333246000,0
2025-05-13,3915.592,3896.258,3915.592,3890.686,14732029900,0
2025-05-14,3894.839,3943.211,3960.523,3890.65,17203377900,0
2025-05-15,3934.027,3907.199,3936.465,3904.907,13808174900,0
2025-05-16,3898.666,3889.085,3903.853,3874.862,11840534500,0
2025-05-19,3882.568,3877.145,3885.589,3866.57,9864341400,0
2025-05-20,3883.102,3898.171,3911.474,3881.744,10488523400,0
2025-05-21,3899.437,3916.381,3928.634,3899.437,10979134300,0
2025-05-22,3912.601,3913.865,3923.02,3903.09,10759705200,0
2025-05-23,3910.374,3882.274,3931.551,3882.274,12027741900,0
2025-05-26,3875.789,3860.107,3884.537,3849.038,10960120700,0
2025-05-27,3857.627,3839.397,3865.429,3834.846,9857242500,0
2025-05-28,3843.075,3836.237,3849.736,3833.958,8903102600,0
2025-05-29,3838.009,3858.7,3869.791,3831.458,10847188600,0
2025-05-30,3850.493,3840.232,3858.613,3829.254,11167222800,0
2025-06-03,3833.458,3852.013,3863.295,3832.72,13140309000,0
2025-06-04,3855.488,3868.743,3875.857,3855.488,11680387300,0
2025-06-05,3872.637,3877.556,3883.135,3861.272,12287818400,0
2025-06-06,3878.103,3873.984,3889.456,3869.387,11098797100,0
2025-06-09,3877.798,3885.246,3894.652,3871.992,13630629300,0
2025-06-10,3887.551,3865.465,3897.457,3850.466,14556385900,0
2025-06-11,3870.672,3894.625,3911.611,3870.672,14241477200,0
2025-06-12,3885.52,3892.199,3900.041,3870.384,13399869700,0
2025-06-13,3881.492,3864.182,3889.16,3853.819,17253953600,0
2025-06-16,3853.619,3873.795,3876.17,3853.619,13734183500,0
2025-06-17,3875.177,3870.379,3880.416,3860.409,12234252600,0
2025-06-18,3871.65,3874.971,3881.346,3854.658,12752862100,0
2025-06-19,3870.049,3843.091,3872.943,3834.951,13028065800,0
2025-06-20,3839.783,3846.644,3856.48,3839.783,11815102000,0
2025-06-23,3831.17,3857.902,3867.59,3827.083,13380089200,0
2025-06-24,3862.388,3904.034,3914.158,3862.388,16365618800,0
2025-06-25,3907.068,3960.066,3963.037,3902.177,18721367100,0
2025-06-26,3953.16,3946.02,3964.482,3945.259,16531626300,0
2025-06-27,3949.788,3921.758,3969.263,3918.204,19455791300,0
2025-06-30,3920.315,3936.079,3940.361,3911.604,14517023600,0
2025-07-01,3935.908,3942.762,3946.245,3924.722,12895936200,0
2025-07-02,3943.323,3943.685,3952.138,3929.696,14706306200,0
2025-07-03,3949.4,3968.068,3971.616,3945.138,14100400600,0
2025-07-04,3967.464,3982.203,4013.848,3958.376,15719713300,0
2025-07-07,3977.288,3965.175,3979.748,3956.566,13113527300,0
2025-07-08,3965.426,3998.453,4002.269,3965.426,15640289500,0
2025-07-09,3997.504,3991.401,4016.743,3987.427,17329379600,0
2025-07-10,3993.42,4010.024,4032.983,3992.524,20977890400,0
2025-07-11,4011.465,4014.807,4065.942,4010.105,26205277300,0
2025-07-14,4021.214,4017.668,4034.92,4017.668,20791717500,0
2025-07-15,4023.99,4019.064,4042.657,3994.263,19104293100,0
2025-07-16,4019.393,4007.202,4027.857,3993.921,15102730800,0
2025-07-17,4005.067,4034.491,4034.594,4005.067,16124904100,0
2025-07-18,4039.871,4058.549,4064.638,4039.318,18621106300,0
2025-07-21,4069.769,4085.607,4086.117,4063.443,22326847600,0
2025-07-22,4087.335,4118.958,4119.202,4068.338,25759698500,0
2025-07-23,4129.148,4119.769,4155.678,4113.909,30050615400,0
2025-07-24,4116.831,4149.037,4152.427,4111.885,31963239200,0
2025-07-25,4145.32,4127.163,4150.499,4117.801,27359496300,0
2025-07-28,4128.199,4135.824,4146.12,4112.968,22275981500,0
2025-07-29,4132.683,4152.025,4153.331,4117.577,23080788000,0
2025-07-30,4148.941,4151.238,4185.206,4127.43,24985304800,0
2025-07-31,4141.561,4075.591,4141.824,4063.666,26708740600,0
2025-08-01,4069.925,4054.929,4085.354,4040.462,19622182600,0
2025-08-04,4037.938,4070.702,4070.702,4037.938,16227590200,0
2025-08-05,4080.388,4103.45,4106.297,4075.584,17885199900,0
2025-08-06,4100.428,4113.485,4116.709,4098.354,17667615500,0
2025-08-07,4120.282,4114.666,4129.738,4094.821,19864190200,0
2025-08-08,4109.273,4104.967,4122.21,4097.416,17317120100,0
2025-08-11,4110.294,4122.511,4134.246,4103.605,19044371600,0
2025-08-12,4123.576,4143.825,4153.295,4121.224,17728782300,0
2025-08-13,4150.504,4176.578,4186.748,4147.199,21393499900,0
2025-08-14,4179.965,4173.313,4220.311,4165.938,22110359500,0
2025-08-15,4162.421,4202.353,4214.729,4157.495,26132756600,0
2025-08-18,4218.247,4239.413,4272.96,4203.419,30147910200,0
2025-08-19,4241.765,4223.374,4264.23,4215.208,25081877100,0
2025-08-20,4208.401,4271.396,4272.146,4190.556,24648177300,0
2025-08-21,4284.371,4288.071,4308.447,4273.652,25903001400,0
2025-08-22,4287.363,4377.998,4378.388,4287.363,29043489700,0
2025-08-25,4416.292,4469.222,4472.653,4404.776,35809000600,0
2025-08-26,4453.353,4452.591,4476.803,4435.528,27062139500,0
2025-08-27,4458.84,4386.127,4494.913,4386.127,33313389800,0
2025-08-28,4378.035,4463.782,4464.803,4364.171,29683453600,0
2025-08-29,4455.803,4496.759,4516.84,4452.363,35193894700,0
2025-09-01,4516.879,4523.711,4528.134,4487.53,32036670800,0
2025-09-02,4521.983,4490.453,4548.894,4454.417,30393256600,0
2025-09-03,4501.339,4459.83,4510.73,4427.518,25432021700,0
2025-09-04,4461.25,4365.209,4465.497,4327.507,30793460900,0
2025-09-05,4365.608,4460.325,4466.56,4350.297,24962565700,0
2025-09-08,4467.169,4467.573,4482.763,4438.07,26763838200,0
2025-09-09,4448.739,4436.258,4472.093,4412.691,22137546000,0
2025-09-10,4438.3,4445.365,4466.633,4414.594,20359764600,0
2025-09-11,4438.839,4548.035,4548.035,4427.924,25326405100,0
2025-09-12,4544.591,4521.998,4564.667,4517.79,26644200300,0
2025-09-15,4534.887,4533.056,4566.905,4522.496,23188567800,0
2025-09-16,4539.922,4523.337,4552.419,4494.788,24926920600,0
2025-09-17,4517.286,4551.023,4556.03,4503.796,23571647200,0
2025-09-18,4546.032,4498.109,4573.833,4454.989,30985982600,0
2025-09-19,4499.091,4501.92,4533.092,4491.844,22504400000,0
2025-09-22,4512.025,4522.608,4523.87,4487.13,19645995600,0
2025-09-23,4536.757,4519.778,4560.732,4459.728,25282706200,0
2025-09-24,4495.266,4566.071,4567.495,4494.113,22048260800,0
2025-09-25,4563.983,4593.488,4613.949,4558.842,22982333300,0
2025-09-26,4576.914,4550.049,4597.847,4550.049,20848211400,0
2025-09-29,4555.034,4620.053,4647.569,4541.425,27435887700,0
2025-09-30,4629.899,4640.694,4647.503,4616.224,24798035900,0
2025-10-09,4662.113,4709.482,4726.345,4651.99,34767869600,0
2025-10-10,4679.498,4616.834,4692.586,4600.965,31902089900,0
2025-10-13,4490.866,4593.979,4601.807,4490.866,31501035400,0
2025-10-14,4634.054,4539.064,4641.449,4520.926,37295403000,0
2025-10-15,4544.243,4606.288,4608.824,4526.834,28477185500,0
2025-10-16,4588.921,4618.422,4645.096,4586.28,24823551800,0
2025-10-17,4610.697,4514.235,4618.562,4509.329,25690561700,0
2025-10-20,4558.242,4538.22,4570.438,4520.502,21842040500,0
2025-10-21,4556.122,4607.872,4615.463,4547.928,21571117500,0
2025-10-22,4576.028,4592.57,4603.488,4567.236,18533396000,0
2025-10-23,4578.702,4606.345,4611.341,4541.694,20046391700,0
2025-10-24,4622.787,4660.684,4660.684,4622.787,20881448300,0
2025-10-27,4699.382,4716.019,4720.429,4687.688,26220067400,0
2025-10-28,4697.728,4691.973,4734.322,4679.229,22090664500,0
2025-10-29,4701.036,4747.838,4747.838,4697.268,24621132400,0
2025-10-30,4735.981,4709.911,4761.834,4706.452,27328911800,0
2025-10-31,4702.495,4640.668,4706.14,4640.668,28146474000,0
2025-11-03,4636.732,4653.403,4653.403,4595.734,23986980900,0
2025-11-04,4649.348,4618.699,4665.323,4595.066,23322403200,0
2025-11-05,4562.112,4627.257,4642.61,4558.765,20304587100,0
2025-11-06,4642.011,4693.403,4698.094,4642.011,22424100800,0
2025-11-07,4673.762,4678.794,4701.374,4666.041,21249737700,0
2025-11-10,4688.124,4695.051,4695.179,4654.21,23602676400,0
2025-11-11,4706.337,4652.166,4707.128,4648.49,18663885800,0
2025-11-12,4643.559,4645.908,4669.607,4620.99,20946059200,0
2025-11-13,4643.786,4702.074,4703.49,4643.786,20736747400,0
2025-11-14,4663.318,4628.14,4684.258,4628.024,19209267600,0
2025-11-17,4616.806,4598.053,4624.898,4580.261,18895546600,0
2025-11-18,4584.79,4568.193,4606.617,4552.804,17771318500,0
2025-11-19,4568.037,4588.292,4607.863,4568.037,17292497400,0
2025-11-20,4619.54,4564.948,4620.653,4560.181,19456259300,0
2025-11-21,4513.386,4453.608,4527.044,4453.182,22285101300,0
2025-11-24,4473.156,4448.048,4478.808,4421.812,18583372900,0
2025-11-25,4475.836,4490.405,4510.773,4467.353,16957192900,0
2025-11-26,4490.202,4517.626,4538.136,4485.698,15620036800,0
2025-11-27,4520.014,4515.403,4559.218,4509.864,15031177200,0
2025-11-28,4511.497,4526.662,4531.722,4492.426,14290209600,0
2025-12-01,4539.188,4576.486,4576.965,4531.292,20038231700,0
2025-12-02,4571.91,4554.335,4575.495,4539.431,14849313200,0
2025-12-03,4554.589,4531.049,4569.821,4523.502,16976279000,0
2025-12-04,4533.6,4546.566,4557.423,4514.188,14719811000,0
2025-12-05,4547.906,4584.537,4593.828,4535.02,19679996800,0
2025-12-08,4593.14,4621.755,4640.626,4592.741,19962099000,0
2025-12-09,4611.379,4598.223,4628.705,4584.254,18416034400,0
2025-12-10,4586.254,4591.827,4598.537,4549.08,16911110600,0
2025-12-11,4597.19,4552.185,4610.279,4547.137,16841940500,0
2025-12-12,4558.738,4580.95,4583.675,4530.784,21282652000,0
2025-12-15,4550.003,4552.06,4595.046,4548.438,16758996700,0
2025-12-16,4542.423,4497.555,4553.081,4484.27,16516520100,0
2025-12-17,4499.773,4579.875,4594.656,4498.93,17842483000,0
2025-12-18,4553.979,4552.793,4571.968,4544.142,15168132800,0
2025-12-19,4561.373,4568.178,4591.093,4546.847,15487622000,0
2025-12-22,4587.668,4611.624,4615.872,4587.668,16525285600,0
2025-12-23,4616.026,4620.734,4644.535,4607.799,16925641200,0
2025-12-24,4623.683,4634.059,4639.428,4602.144,15371124100,0
2025-12-25,4629.32,4642.536,4651.154,4621.921,13943418600,0
2025-12-26,4639.79,4657.24,4676.131,4635.105,17539656500,0
2025-12-29,4658.265,4639.372,4672.035,4629.057,20039713300,0
2025-12-30,4617.316,4651.282,4664.331,4616.632,18037497400,0
2025-12-31,4656.48,4629.94,4667.047,4622.099,17076022400,0
